InsuranceID,insuranceAccess,insurancePremium
In001,1000.0,1407.0
In002,2000.0,1197.0
In003,2000.0,1413.0
In004,2000.0,1416.0
In005,1000.0,1584.0
In006,1000.0,1351.0
In007,1000.0,1333.0
In008,1000.0,1137.0
In009,500.0,1443.0
In010,500.0,1316.0
In011,500.0,1253.0
In012,2000.0,1137.0
In013,500.0,1215.0
In014,1000.0,937.0
In015,2000.0,1301.0
In016,2000.0,1131.0
In017,1000.0,1199.0
In018,500.0,709.0
In019,500.0,1374.0
In020,2000.0,1476.0
In021,1000.0,1188.0
In022,2000.0,875.0
In023,2000.0,972.0
In024,2000.0,1269.0
In025,1000.0,883.0
In026,2000.0,1267.0
In027,2000.0,1322.0
In028,500.0,848.0
In029,2000.0,1292.0
In030,2000.0,1104.0
In031,1000.0,954.0
In032,2000.0,1337.0
In033,1000.0,1088.0
In034,1000.0,1558.0
In035,500.0,1416.0
In036,1000.0,1334.0
In037,1000.0,988.0
In038,2000.0,1222.0
In039,2000.0,1156.0
In040,500.0,1262.0
In041,500.0,1452.0
In042,500.0,1738.0
In043,500.0,1476.0
In044,500.0,538.0
In045,2000.0,1081.0
In046,1000.0,1454.0
In047,500.0,1240.0
In048,2000.0,1274.0
In049,1000.0,1124.0
In050,1000.0,1246.0
In051,2000.0,1327.0
In052,2000.0,1074.0
In053,1000.0,1531.0
In054,500.0,1201.0
In055,1000.0,1394.0
In056,1000.0,1277.0
In057,500.0,1082.0
In058,1000.0,1415.0
In059,2000.0,1470.0
In060,2000.0,871.0
In061,500.0,795.0
In062,1000.0,1168.0
In063,1000.0,994.0
In064,500.0,1849.0
In065,2000.0,1642.0
In066,500.0,1363.0
In067,500.0,1239.0
In068,500.0,835.0
In069,1000.0,1061.0
In070,1000.0,1279.0
In071,500.0,1105.0
In072,2000.0,1056.0
In073,1000.0,896.0
In074,500.0,1633.0
In075,1000.0,1406.0
In076,1000.0,1426.0
In077,1000.0,1038.0
In078,500.0,1307.0
In079,1000.0,1489.0
In080,500.0,977.0
In081,2000.0,1340.0
In082,2000.0,1268.0
In083,1000.0,1234.0
In084,2000.0,1318.0
In085,2000.0,770.0
In086,2000.0,1515.0
In087,1000.0,874.0
In088,500.0,1612.0
In089,2000.0,1318.0
In090,1000.0,1227.0
In091,2000.0,1326.0
In092,2000.0,1137.0
In093,2000.0,1323.0
In094,1000.0,1483.0
In095,500.0,1515.0
In096,2000.0,1075.0
In097,1000.0,1690.0
In098,2000.0,1353.0
In099,1000.0,1149.0
In100,1000.0,970.0
In101,500.0,1464.0
In102,1000.0,1474.0
In103,500.0,1497.0
In104,1000.0,1427.0
In105,500.0,1495.0
In106,500.0,1142.0
In107,1000.0,1125.0
In108,2000.0,1207.0
In109,2000.0,1338.0
In110,1000.0,1074.0
In111,500.0,1338.0
In112,500.0,1299.0
In113,500.0,1223.0
In114,1000.0,1060.0
In115,2000.0,1124.0
In116,1000.0,1110.0
In117,2000.0,1374.0
In118,2000.0,1104.0
In119,2000.0,1270.0
In120,500.0,965.0
In121,2000.0,1167.0
In122,500.0,1625.0
In123,500.0,1394.0
In124,2000.0,1053.0
In125,500.0,1041.0
In126,1000.0,1302.0
In127,2000.0,1589.0
In128,500.0,1399.0
In129,2000.0,1352.0
In130,1000.0,1139.0
In131,1000.0,1398.0
In132,500.0,823.0
In133,500.0,965.0
In134,1000.0,1923.0
In135,2000.0,1625.0
In136,2000.0,1277.0
In137,1000.0,1439.0
In138,1000.0,1281.0
In139,500.0,1349.0
In140,1000.0,1198.0
In141,2000.0,1221.0
In142,2000.0,969.0
In143,1000.0,1221.0
In144,2000.0,1239.0
In145,2000.0,1321.0
In146,500.0,991.0
In147,500.0,1399.0
In148,500.0,1355.0
In149,1000.0,1385.0
In150,500.0,847.0
In151,1000.0,1000.0
In152,1000.0,1047.0
In153,500.0,1158.0
In154,1000.0,1372.0
In155,1000.0,1053.0
In156,1000.0,1275.0
In157,2000.0,1403.0
In158,500.0,1344.0
In159,1000.0,1198.0
In160,500.0,1203.0
In161,1000.0,1152.0
In162,2000.0,1143.0
In163,1000.0,1332.0
In164,1000.0,1167.0
In165,500.0,1495.0
In166,1000.0,1338.0
In167,2000.0,1588.0
In168,1000.0,1362.0
In169,500.0,1449.0
In170,2000.0,1242.0
In171,500.0,1125.0
In172,2000.0,1080.0
In173,1000.0,1448.0
In174,500.0,1229.0
In175,1000.0,1226.0
In176,2000.0,898.0
In177,500.0,1707.0
In178,1000.0,1254.0
In179,500.0,885.0
In180,500.0,1047.0
In181,2000.0,1713.0
In182,2000.0,1098.0
In183,500.0,1364.0
In184,500.0,1383.0
In185,1000.0,1141.0
In186,500.0,1055.0
In187,2000.0,1058.0
In188,2000.0,1488.0
In189,500.0,920.0
In190,1000.0,987.0
In191,2000.0,1441.0
In192,1000.0,1086.0
In193,2000.0,1368.0
In194,1000.0,1216.0
In195,2000.0,1191.0
In196,1000.0,1594.0
In197,2000.0,1463.0
In198,500.0,1734.0
In199,500.0,1411.0
In200,2000.0,1513.0
In201,2000.0,1153.0
In202,500.0,1723.0
In203,2000.0,1281.0
In204,500.0,1012.0
In205,2000.0,1042.0
In206,500.0,1235.0
In207,2000.0,769.0
In208,500.0,1302.0
In209,500.0,1452.0
In210,500.0,767.0
In211,2000.0,1621.0
In212,2000.0,1048.0
In213,1000.0,1538.0
In214,2000.0,1218.0
In215,2000.0,1363.0
In216,1000.0,1279.0
In217,2000.0,925.0
In218,1000.0,1019.0
In219,500.0,1315.0
In220,1000.0,1515.0
In221,2000.0,1649.0
In222,500.0,1451.0
In223,1000.0,978.0
In224,500.0,1198.0
In225,2000.0,1003.0
In226,2000.0,1212.0
In227,1000.0,1243.0
In228,1000.0,1053.0
In229,500.0,1694.0
In230,1000.0,2048.0
In231,1000.0,1084.0
In232,1000.0,1138.0
In233,500.0,1073.0
In234,2000.0,1219.0
In235,2000.0,1372.0
In236,2000.0,1506.0
In237,1000.0,1058.0
In238,2000.0,932.0
In239,2000.0,1608.0
In240,1000.0,1729.0
In241,1000.0,1518.0
In242,2000.0,1540.0
In243,2000.0,965.0
In244,2000.0,1279.0
In245,1000.0,774.0
In246,1000.0,1532.0
In247,1000.0,1341.0
In248,500.0,1298.0
In249,1000.0,433.0
In250,2000.0,1026.0
In251,500.0,1265.0
In252,500.0,1460.0
In253,500.0,1239.0
In254,500.0,1051.0
In255,1000.0,1712.0
In256,500.0,865.0
In257,500.0,1153.0
In258,2000.0,1281.0
In259,500.0,1343.0
In260,2000.0,1443.0
In261,1000.0,1630.0
In262,2000.0,1134.0
In263,500.0,1484.0
In264,2000.0,1305.0
In265,2000.0,1036.0
In266,500.0,1401.0
In267,1000.0,1665.0
In268,2000.0,654.0
In269,500.0,1080.0
In270,2000.0,1346.0
In271,2000.0,1590.0
In272,1000.0,1252.0
In273,2000.0,1083.0
In274,500.0,975.0
In275,2000.0,1400.0
In276,500.0,1308.0
In277,2000.0,1219.0
In278,500.0,1411.0
In279,2000.0,694.0
In280,500.0,1007.0
In281,1000.0,1422.0
In282,1000.0,1348.0
In283,2000.0,1316.0
In284,2000.0,1407.0
In285,2000.0,1389.0
In286,500.0,1311.0
In287,1000.0,1005.0
In288,500.0,1135.0
In289,1000.0,1194.0
In290,1000.0,1248.0
In291,500.0,1339.0
In292,2000.0,782.0
In293,2000.0,1367.0
In294,1000.0,1276.0
In295,500.0,1091.0
In296,500.0,1326.0
In297,2000.0,972.0
In298,500.0,806.0
In299,500.0,1416.0
In300,2000.0,1098.0
In301,500.0,948.0
In302,2000.0,1019.0
In303,2000.0,1401.0
In304,500.0,1156.0
In305,500.0,1387.0
In306,500.0,915.0
In307,500.0,1240.0
In308,500.0,1366.0
In309,1000.0,1086.0
In310,2000.0,1248.0
In311,2000.0,1313.0
In312,2000.0,766.0
In313,2000.0,1327.0
In314,1000.0,1339.0
In315,2000.0,1317.0
In316,1000.0,1286.0
In317,1000.0,1372.0
In318,2000.0,1448.0
In319,500.0,903.0
In320,1000.0,1454.0
In321,2000.0,1603.0
In322,2000.0,1617.0
In323,500.0,1612.0
In324,500.0,889.0
In325,1000.0,1252.0
In326,2000.0,996.0
In327,2000.0,1348.0
In328,1000.0,1724.0
In329,500.0,1380.0
In330,1000.0,1555.0
In331,1000.0,1378.0
In332,2000.0,1313.0
In333,500.0,1259.0
In334,1000.0,1372.0
In335,500.0,1399.0
In336,1000.0,1062.0
In337,500.0,1365.0
In338,1000.0,894.0
In339,500.0,957.0
In340,2000.0,1124.0
In341,500.0,1085.0
In342,2000.0,1437.0
In343,1000.0,988.0
In344,500.0,1239.0
In345,1000.0,1385.0
In346,2000.0,1595.0
In347,1000.0,1128.0
In348,2000.0,930.0
In349,1000.0,1830.0
In350,1000.0,905.0
In351,1000.0,1244.0
In352,2000.0,1031.0
In353,500.0,1285.0
In354,500.0,1217.0
In355,2000.0,966.0
In356,500.0,1203.0
In357,2000.0,1212.0
In358,1000.0,1574.0
In359,1000.0,1610.0
In360,500.0,1098.0
In361,2000.0,1619.0
In362,500.0,923.0
In363,1000.0,1342.0
In364,500.0,1195.0
In365,1000.0,995.0
In366,1000.0,1050.0
In367,2000.0,1314.0
In368,2000.0,1102.0
In369,1000.0,1186.0
In370,500.0,1528.0
In371,1000.0,1366.0
In372,1000.0,1404.0
In373,2000.0,927.0
In374,2000.0,1555.0
In375,2000.0,736.0
In376,1000.0,974.0
In377,500.0,974.0
In378,2000.0,1260.0
In379,1000.0,1464.0
In380,2000.0,617.0
In381,2000.0,1724.0
In382,500.0,1161.0
In383,2000.0,1092.0
In384,2000.0,1209.0
In385,2000.0,1241.0
In386,500.0,1757.0
In387,1000.0,802.0
In388,1000.0,1343.0
In389,2000.0,1209.0
In390,1000.0,1142.0
In391,500.0,1090.0
In392,1000.0,1465.0
In393,1000.0,1119.0
In394,2000.0,1117.0
In395,500.0,1258.0
In396,2000.0,1083.0
In397,1000.0,1192.0
In398,1000.0,1242.0
In399,500.0,1076.0
In400,1000.0,970.0
In401,2000.0,1460.0
In402,1000.0,1246.0
In403,2000.0,1463.0
In404,2000.0,1398.0
In405,1000.0,1270.0
In406,500.0,1456.0
In407,2000.0,1140.0
In408,500.0,1330.0
In409,2000.0,1191.0
In410,500.0,972.0
In411,2000.0,1162.0
In412,1000.0,1117.0
In413,2000.0,1102.0
In414,1000.0,1523.0
In415,1000.0,984.0
In416,2000.0,1257.0
In417,500.0,1435.0
In418,2000.0,1628.0
In419,500.0,1412.0
In420,500.0,1363.0
In421,1000.0,1135.0
In422,1000.0,1307.0
In423,500.0,1022.0
In424,1000.0,1539.0
In425,1000.0,1354.0
In426,500.0,1283.0
In427,1000.0,1346.0
In428,1000.0,1338.0
In429,1000.0,949.0
In430,2000.0,977.0
In431,2000.0,1181.0
In432,500.0,1188.0
In433,1000.0,845.0
In434,500.0,1442.0
In435,2000.0,1276.0
In436,500.0,1075.0
In437,500.0,1112.0
In438,2000.0,815.0
In439,1000.0,1576.0
In440,1000.0,1115.0
In441,2000.0,1176.0
In442,500.0,793.0
In443,500.0,943.0
In444,1000.0,1057.0
In445,2000.0,1256.0
In446,500.0,1335.0
In447,500.0,1179.0
In448,500.0,1793.0
In449,500.0,1008.0
In450,500.0,1397.0
In451,500.0,1403.0
In452,1000.0,1438.0
In453,1000.0,1314.0
In454,500.0,1482.0
In455,2000.0,1172.0
In456,2000.0,1353.0
In457,500.0,1176.0
In458,2000.0,1836.0
In459,500.0,1481.0
In460,2000.0,1454.0
In461,500.0,1341.0
In462,2000.0,714.0
In463,2000.0,1376.0
In464,500.0,914.0
In465,1000.0,1601.0
In466,1000.0,1097.0
In467,2000.0,1078.0
In468,1000.0,1595.0
In469,1000.0,1218.0
In470,2000.0,1117.0
In471,2000.0,1567.0
In472,2000.0,1295.0
In473,1000.0,1152.0
In474,1000.0,1441.0
In475,1000.0,1576.0
In476,2000.0,1234.0
In477,1000.0,1861.0
In478,1000.0,1571.0
In479,2000.0,791.0
In480,1000.0,1013.0
In481,500.0,1047.0
In482,1000.0,1390.0
In483,500.0,951.0
In484,1000.0,1227.0
In485,500.0,1281.0
In486,2000.0,1473.0
In487,1000.0,1878.0
In488,500.0,1418.0
In489,500.0,1533.0
In490,500.0,1304.0
In491,2000.0,1552.0
In492,1000.0,1327.0
In493,500.0,863.0
In494,2000.0,1332.0
In495,2000.0,1486.0
In496,1000.0,871.0
In497,2000.0,1345.0
In498,1000.0,1377.0
In499,500.0,1238.0
In500,1000.0,1526.0
In501,500.0,855.0
In502,1000.0,771.0
In503,2000.0,1133.0
In504,500.0,1173.0
In505,2000.0,1188.0
In506,1000.0,877.0
In507,1000.0,1144.0
In508,2000.0,1409.0
In509,1000.0,1071.0
In510,2000.0,916.0
In511,500.0,1192.0
In512,1000.0,1475.0
In513,1000.0,1193.0
In514,1000.0,1438.0
In515,2000.0,1305.0
In516,1000.0,1169.0
In517,1000.0,1165.0
In518,1000.0,1233.0
In519,2000.0,1801.0
In520,500.0,1187.0
In521,1000.0,1559.0
In522,2000.0,1137.0
In523,1000.0,1282.0
In524,1000.0,796.0
In525,500.0,1270.0
In526,1000.0,1383.0
In527,2000.0,1291.0
In528,1000.0,1217.0
In529,500.0,1251.0
In530,2000.0,1586.0
In531,2000.0,1526.0
In532,1000.0,1028.0
In533,1000.0,1556.0
In534,2000.0,1571.0
In535,2000.0,1171.0
In536,1000.0,1100.0
In537,2000.0,1472.0
In538,500.0,1276.0
In539,1000.0,1292.0
In540,2000.0,1009.0
In541,500.0,1093.0
In542,1000.0,1325.0
In543,2000.0,1017.0
In544,1000.0,1221.0
In545,500.0,1928.0
In546,1000.0,978.0
In547,2000.0,1221.0
In548,2000.0,1256.0
In549,500.0,1000.0
In550,500.0,1381.0
In551,500.0,1011.0
In552,500.0,1206.0
In553,1000.0,1527.0
In554,1000.0,1496.0
In555,500.0,1256.0
In556,500.0,1268.0
In557,2000.0,1422.0
In558,500.0,1500.0
In559,500.0,1433.0
In560,2000.0,1231.0
In561,500.0,1135.0
In562,2000.0,946.0
In563,2000.0,1119.0
In564,2000.0,1232.0
In565,2000.0,1005.0
In566,2000.0,1109.0
In567,500.0,1392.0
In568,2000.0,1318.0
In569,1000.0,1588.0
In570,500.0,900.0
In571,1000.0,1745.0
In572,1000.0,1261.0
In573,2000.0,1021.0
In574,2000.0,1285.0
In575,500.0,1537.0
In576,1000.0,1022.0
In577,2000.0,1559.0
In578,500.0,1758.0
In579,1000.0,974.0
In580,500.0,1431.0
In581,500.0,1192.0
In582,500.0,1164.0
In583,1000.0,1003.0
In584,2000.0,1154.0
In585,1000.0,1631.0
In586,1000.0,1252.0
In587,1000.0,1677.0
In588,1000.0,980.0
In589,500.0,989.0
In590,1000.0,1390.0
In591,500.0,1234.0
In592,500.0,1320.0
In593,1000.0,1435.0
In594,500.0,1449.0
In595,500.0,1734.0
In596,500.0,1533.0
In597,500.0,1107.0
In598,500.0,996.0
In599,1000.0,1299.0
In600,1000.0,1277.0
In601,2000.0,1202.0
In602,500.0,672.0
In603,1000.0,1358.0
In604,1000.0,1009.0
In605,1000.0,1141.0
In606,1000.0,1397.0
In607,1000.0,1665.0
In608,1000.0,1151.0
In609,2000.0,1546.0
In610,500.0,1064.0
In611,1000.0,709.0
In612,500.0,1040.0
In613,500.0,1339.0
In614,1000.0,1203.0
In615,2000.0,1081.0
In616,500.0,991.0
In617,500.0,984.0
In618,500.0,1355.0
In619,1000.0,830.0
In620,2000.0,987.0
In621,500.0,1119.0
In622,500.0,1048.0
In623,1000.0,1074.0
In624,1000.0,1231.0
In625,500.0,1255.0
In626,1000.0,1556.0
In627,2000.0,836.0
In628,500.0,1451.0
In629,2000.0,625.0
In630,2000.0,1133.0
In631,500.0,1367.0
In632,1000.0,1440.0
In633,1000.0,1231.0
In634,2000.0,1308.0
In635,2000.0,1125.0
In636,1000.0,1521.0
In637,2000.0,1609.0
In638,1000.0,1359.0
In639,500.0,1296.0
In640,500.0,1161.0
In641,2000.0,1441.0
In642,1000.0,1098.0
In643,1000.0,1464.0
In644,500.0,1544.0
In645,500.0,1391.0
In646,2000.0,1149.0
In647,500.0,1616.0
In648,500.0,1399.0
In649,1000.0,1239.0
In650,1000.0,968.0
In651,500.0,1045.0
In652,1000.0,1537.0
In653,500.0,912.0
In654,2000.0,1007.0
In655,1000.0,1190.0
In656,1000.0,1576.0
In657,500.0,1173.0
In658,500.0,1312.0
In659,1000.0,671.0
In660,500.0,895.0
In661,2000.0,1373.0
In662,1000.0,1626.0
In663,2000.0,1296.0
In664,1000.0,1460.0
In665,500.0,1220.0
In666,500.0,1064.0
In667,1000.0,960.0
In668,2000.0,1767.0
In669,500.0,1285.0
In670,2000.0,1423.0
In671,2000.0,1223.0
In672,2000.0,1539.0
In673,2000.0,988.0
In674,1000.0,1741.0
In675,1000.0,1541.0
In676,500.0,1382.0
In677,500.0,1447.0
In678,500.0,1221.0
In679,500.0,948.0
In680,500.0,1471.0
In681,2000.0,1158.0
In682,2000.0,566.0
In683,500.0,1061.0
In684,1000.0,1524.0
In685,1000.0,1556.0
In686,500.0,1216.0
In687,500.0,1485.0
In688,500.0,1204.0
In689,1000.0,1393.0
In690,1000.0,1484.0
In691,500.0,1581.0
In692,1000.0,1281.0
In693,500.0,1668.0
In694,1000.0,1497.0
In695,500.0,803.0
In696,2000.0,1221.0
In697,500.0,1866.0
In698,2000.0,1434.0
In699,500.0,1115.0
In700,2000.0,1219.0
In701,2000.0,1235.0
In702,500.0,965.0
In703,500.0,1352.0
In704,1000.0,817.0
In705,1000.0,1390.0
In706,1000.0,1354.0
In707,1000.0,1294.0
In708,1000.0,841.0
In709,2000.0,998.0
In710,2000.0,1090.0
In711,500.0,1781.0
In712,2000.0,1681.0
In713,1000.0,1396.0
In714,2000.0,1471.0
In715,500.0,1266.0
In716,1000.0,1275.0
In717,500.0,1330.0
In718,500.0,1123.0
In719,2000.0,1656.0
In720,1000.0,936.0
In721,2000.0,1192.0
In722,500.0,990.0
In723,2000.0,1422.0
In724,500.0,915.0
In725,500.0,1124.0
In726,2000.0,838.0
In727,500.0,1301.0
In728,500.0,1173.0
In729,1000.0,986.0
In730,1000.0,1129.0
In731,500.0,1195.0
In732,1000.0,1114.0
In733,2000.0,1509.0
In734,500.0,665.0
In735,1000.0,1267.0
In736,1000.0,1119.0
In737,500.0,1699.0
In738,1000.0,1423.0
In739,500.0,1213.0
In740,1000.0,1423.0
In741,1000.0,976.0
In742,500.0,1125.0
In743,1000.0,1569.0
In744,500.0,1359.0
In745,500.0,1607.0
In746,500.0,1042.0
In747,500.0,1454.0
In748,500.0,1970.0
In749,1000.0,1156.0
In750,2000.0,1124.0
In751,500.0,1494.0
In752,500.0,1155.0
In753,500.0,878.0
In754,2000.0,1146.0
In755,500.0,1261.0
In756,500.0,1427.0
In757,500.0,1592.0
In758,1000.0,1275.0
In759,500.0,1362.0
In760,1000.0,919.0
In761,1000.0,1377.0
In762,1000.0,996.0
In763,500.0,1508.0
In764,500.0,485.0
In765,1000.0,1561.0
In766,500.0,1457.0
In767,1000.0,1129.0
In768,500.0,1358.0
In769,1000.0,1233.0
In770,1000.0,936.0
In771,500.0,1302.0
In772,500.0,1265.0
In773,500.0,1468.0
In774,2000.0,1124.0
In775,1000.0,1320.0
In776,2000.0,1483.0
In777,1000.0,1328.0
In778,500.0,1464.0
In779,2000.0,1134.0
In780,1000.0,1037.0
In781,1000.0,1563.0
In782,1000.0,1426.0
In783,2000.0,1615.0
In784,500.0,1236.0
In785,2000.0,1018.0
In786,2000.0,1306.0
In787,2000.0,1174.0
In788,1000.0,1231.0
In789,500.0,1299.0
In790,500.0,1470.0
In791,500.0,1391.0
In792,500.0,1694.0
In793,2000.0,1140.0
In794,1000.0,1311.0
In795,2000.0,1730.0
In796,500.0,1617.0
In797,500.0,1936.0
In798,1000.0,855.0
In799,2000.0,1568.0
In800,2000.0,1551.0
In801,2000.0,1371.0
In802,500.0,1364.0
In803,1000.0,828.0
In804,500.0,1210.0
In805,2000.0,1111.0
In806,500.0,990.0
In807,1000.0,1114.0
In808,2000.0,1347.0
In809,2000.0,1688.0
In810,1000.0,1183.0
In811,2000.0,1537.0
In812,1000.0,1173.0
In813,1000.0,1361.0
In814,2000.0,1423.0
In815,2000.0,1143.0
In816,500.0,1406.0
In817,500.0,1354.0
In818,500.0,1056.0
In819,1000.0,999.0
In820,2000.0,1156.0
In821,1000.0,1727.0
In822,500.0,1233.0
In823,500.0,1079.0
In824,1000.0,1325.0
In825,500.0,1519.0
In826,2000.0,1239.0
In827,2000.0,1247.0
In828,1000.0,1623.0
In829,500.0,1082.0
In830,1000.0,1271.0
In831,1000.0,1236.0
In832,2000.0,786.0
In833,500.0,1266.0
In834,500.0,1509.0
In835,2000.0,1107.0
In836,2000.0,1389.0
In837,1000.0,975.0
In838,2000.0,1304.0
In839,500.0,1257.0
In840,500.0,1257.0
In841,2000.0,720.0
In842,2000.0,1524.0
In843,500.0,1396.0
In844,1000.0,1244.0
In845,1000.0,1189.0
In846,2000.0,1375.0
In847,500.0,1389.0
In848,1000.0,1388.0
In849,1000.0,1179.0
In850,2000.0,1167.0
In851,1000.0,1556.0
In852,500.0,1452.0
In853,1000.0,1212.0
In854,2000.0,1579.0
In855,500.0,1488.0
In856,1000.0,1096.0
In857,2000.0,1215.0
In858,2000.0,1483.0
In859,1000.0,954.0
In860,2000.0,1193.0
In861,1000.0,1023.0
In862,1000.0,1524.0
In863,1000.0,1653.0
In864,1000.0,1022.0
In865,2000.0,1396.0
In866,500.0,1522.0
In867,1000.0,1034.0
In868,1000.0,1255.0
In869,2000.0,1397.0
In870,500.0,795.0
In871,500.0,982.0
In872,500.0,1074.0
In873,1000.0,1311.0
In874,2000.0,1277.0
In875,500.0,1389.0
In876,1000.0,1407.0
In877,500.0,1558.0
In878,1000.0,1132.0
In879,2000.0,1897.0
In880,500.0,1143.0
In881,500.0,1285.0
In882,2000.0,1305.0
In883,1000.0,1074.0
In884,1000.0,1052.0
In885,1000.0,1387.0
In886,500.0,1084.0
In887,1000.0,1852.0
In888,500.0,1270.0
In889,500.0,1460.0
In890,2000.0,1253.0
In891,1000.0,1142.0
In892,1000.0,1188.0
In893,1000.0,1125.0
In894,500.0,1294.0
In895,500.0,1460.0
In896,500.0,1368.0
In897,500.0,1594.0
In898,500.0,1036.0
In899,500.0,912.0
In900,500.0,1320.0
In901,2000.0,1392.0
In902,500.0,915.0
In903,1000.0,1469.0
In904,500.0,1413.0
In905,500.0,1588.0
In906,1000.0,1141.0
In907,1000.0,1518.0
In908,2000.0,912.0
In909,2000.0,1144.0
In910,1000.0,1281.0
In911,2000.0,1102.0
In912,2000.0,1082.0
In913,500.0,1185.0
In914,2000.0,1175.0
In915,2000.0,979.0
In916,500.0,921.0
In917,500.0,923.0
In918,2000.0,1108.0
In919,500.0,1272.0
In920,1000.0,1340.0
In921,1000.0,1648.0
In922,500.0,1381.0
In923,500.0,1198.0
In924,2000.0,951.0
In925,2000.0,1341.0
In926,2000.0,1178.0
In927,1000.0,1055.0
In928,500.0,1479.0
In929,2000.0,1827.0
In930,500.0,1170.0
In931,500.0,1516.0
In932,2000.0,1270.0
In933,500.0,809.0
In934,1000.0,1116.0
In935,1000.0,1458.0
In936,1000.0,1041.0
In937,1000.0,1694.0
In938,1000.0,1686.0
In939,500.0,1055.0
In940,2000.0,1334.0
In941,1000.0,1014.0
In942,500.0,958.0
In943,2000.0,1112.0
In944,2000.0,1206.0
In945,1000.0,764.0
In946,500.0,1043.0
In947,2000.0,1263.0
In948,500.0,1007.0
In949,1000.0,1328.0
In950,1000.0,1250.0
In951,500.0,983.0
In952,1000.0,1412.0
In953,2000.0,1067.0
In954,2000.0,1586.0
In955,1000.0,1416.0
In956,500.0,1246.0
In957,2000.0,1357.0
In958,2000.0,1388.0
In959,1000.0,1004.0
In960,500.0,1107.0
In961,500.0,1430.0
In962,1000.0,1075.0
In963,1000.0,1007.0
In964,500.0,1053.0
In965,1000.0,1200.0
In966,1000.0,1343.0
In967,2000.0,1442.0
In968,1000.0,1433.0
In969,2000.0,1369.0
In970,500.0,862.0
In971,500.0,871.0
In972,500.0,1863.0
In973,2000.0,1182.0
In974,1000.0,1061.0
In975,500.0,952.0
In976,500.0,1534.0
In977,1000.0,1200.0
In978,500.0,1094.0
In979,1000.0,989.0
In980,1000.0,1332.0
In981,1000.0,1361.0
In982,2000.0,1189.0
In983,2000.0,1102.0
In984,1000.0,841.0
In985,1000.0,1503.0
In986,1000.0,1722.0
In987,500.0,944.0
In988,2000.0,1454.0
In989,500.0,1673.0
In990,1000.0,1248.0
In991,500.0,1564.0
In992,1000.0,1281.0
In993,500.0,723.0
In994,1000.0,1235.0
In995,1000.0,1347.0
In996,1000.0,1311.0
In997,1000.0,1437.0
In998,500.0,1383.0
In999,2000.0,1357.0
In1000,1000.0,766.0
In1001,500.0,1005.0
In1002,2000.0,986.0
In1003,2000.0,1214.0
In1004,500.0,1545.0
In1005,1000.0,1399.0
In1006,2000.0,1069.0
In1007,1000.0,1413.0
In1008,1000.0,1404.0
In1009,1000.0,994.0
In1010,500.0,1113.0
In1011,2000.0,1202.0
In1012,1000.0,1312.0
In1013,500.0,1520.0
In1014,2000.0,984.0
In1015,1000.0,1402.0
In1016,1000.0,1638.0
In1017,500.0,1534.0
In1018,500.0,1615.0
In1019,500.0,1293.0
In1020,1000.0,1333.0
In1021,1000.0,1099.0
In1022,500.0,1555.0
In1023,500.0,969.0
In1024,500.0,1325.0
In1025,2000.0,1349.0
In1026,500.0,854.0
In1027,500.0,944.0
In1028,500.0,1147.0
In1029,500.0,1106.0
In1030,2000.0,1632.0
In1031,500.0,1480.0
In1032,2000.0,1084.0
In1033,500.0,898.0
In1034,500.0,851.0
In1035,2000.0,1274.0
In1036,1000.0,881.0
In1037,500.0,1560.0
In1038,1000.0,1610.0
In1039,500.0,1614.0
In1040,2000.0,1127.0
In1041,2000.0,1386.0
In1042,500.0,1238.0
In1043,2000.0,1495.0
In1044,2000.0,1276.0
In1045,1000.0,1153.0
In1046,1000.0,1325.0
In1047,1000.0,1460.0
In1048,500.0,1369.0
In1049,1000.0,1256.0
In1050,1000.0,1166.0
In1051,1000.0,981.0
In1052,2000.0,1090.0
In1053,2000.0,1653.0
In1054,2000.0,1052.0
In1055,2000.0,1306.0
In1056,500.0,1260.0
In1057,1000.0,1215.0
In1058,2000.0,1455.0
In1059,1000.0,1524.0
In1060,500.0,1251.0
In1061,1000.0,1249.0
In1062,500.0,1671.0
In1063,500.0,1350.0
In1064,1000.0,1360.0
In1065,1000.0,944.0
In1066,500.0,1104.0
In1067,1000.0,1605.0
In1068,1000.0,1103.0
In1069,500.0,1398.0
In1070,500.0,925.0
In1071,1000.0,1561.0
In1072,2000.0,1195.0
In1073,1000.0,1447.0
In1074,500.0,1629.0
In1075,2000.0,1586.0
In1076,1000.0,1469.0
In1077,500.0,962.0
In1078,1000.0,1661.0
In1079,500.0,962.0
In1080,1000.0,913.0
In1081,500.0,1617.0
In1082,1000.0,1184.0
In1083,1000.0,1483.0
In1084,500.0,1543.0
In1085,500.0,1603.0
In1086,1000.0,880.0
In1087,2000.0,1553.0
In1088,500.0,1573.0
In1089,1000.0,1592.0
In1090,500.0,978.0
In1091,1000.0,1114.0
In1092,2000.0,1562.0
In1093,500.0,1456.0
In1094,1000.0,887.0
In1095,2000.0,1226.0
In1096,500.0,966.0
In1097,500.0,1328.0
In1098,2000.0,885.0
In1099,2000.0,1025.0
In1100,2000.0,1560.0
In1101,2000.0,1265.0
In1102,1000.0,1594.0
In1103,1000.0,1603.0
In1104,1000.0,1017.0
In1105,2000.0,1181.0
In1106,1000.0,1591.0
In1107,500.0,1089.0
In1108,500.0,937.0
In1109,2000.0,1615.0
In1110,500.0,864.0
In1111,2000.0,913.0
In1112,2000.0,1092.0
In1113,500.0,1535.0
In1114,2000.0,1606.0
In1115,500.0,867.0
In1116,500.0,966.0
In1117,2000.0,1138.0
In1118,2000.0,984.0
In1119,1000.0,1330.0
In1120,1000.0,1350.0
In1121,500.0,989.0
In1122,2000.0,1018.0
In1123,2000.0,1113.0
In1124,500.0,1615.0
In1125,1000.0,1532.0
In1126,2000.0,966.0
In1127,500.0,1487.0
In1128,2000.0,1492.0
In1129,1000.0,937.0
In1130,1000.0,1329.0
In1131,1000.0,1378.0
In1132,2000.0,958.0
In1133,2000.0,1423.0
In1134,1000.0,1338.0
In1135,1000.0,1083.0
In1136,2000.0,1217.0
In1137,500.0,1329.0
In1138,500.0,1486.0
In1139,1000.0,1263.0
In1140,2000.0,1047.0
In1141,1000.0,1039.0
In1142,500.0,1143.0
In1143,500.0,858.0
In1144,1000.0,1404.0
In1145,500.0,1400.0
In1146,1000.0,1270.0
In1147,500.0,1195.0
In1148,1000.0,1411.0
In1149,500.0,1304.0
In1150,500.0,1583.0
In1151,2000.0,1531.0
In1152,1000.0,1340.0
In1153,500.0,1669.0
In1154,2000.0,987.0
In1155,1000.0,1096.0
In1156,500.0,982.0
In1157,2000.0,1211.0
In1158,500.0,1261.0
In1159,1000.0,1327.0
In1160,1000.0,962.0
In1161,2000.0,1507.0
In1162,500.0,1182.0
In1163,500.0,1433.0
In1164,2000.0,845.0
In1165,2000.0,1086.0
In1166,1000.0,901.0
In1167,2000.0,1262.0
In1168,1000.0,1655.0
In1169,1000.0,1119.0
In1170,500.0,890.0
In1171,1000.0,1648.0
In1172,500.0,1124.0
In1173,1000.0,1660.0
In1174,1000.0,1243.0
In1175,2000.0,854.0
In1176,2000.0,1021.0
In1177,500.0,1534.0
In1178,1000.0,1613.0
In1179,2000.0,1248.0
In1180,1000.0,1370.0
In1181,500.0,1657.0
In1182,1000.0,1362.0
In1183,1000.0,1653.0
In1184,500.0,1555.0
In1185,1000.0,1187.0
In1186,500.0,1063.0
In1187,500.0,1664.0
In1188,2000.0,901.0
In1189,500.0,1650.0
In1190,2000.0,1440.0
In1191,2000.0,1489.0
In1192,1000.0,1608.0
In1193,2000.0,1292.0
In1194,500.0,1050.0
In1195,2000.0,1190.0
In1196,2000.0,1595.0
In1197,1000.0,1629.0
In1198,500.0,1406.0
In1199,500.0,935.0
In1200,2000.0,1011.0
In1201,500.0,1648.0
In1202,1000.0,1247.0
In1203,1000.0,970.0
In1204,1000.0,1296.0
In1205,2000.0,1237.0
In1206,2000.0,889.0
In1207,1000.0,1676.0
In1208,2000.0,1221.0
In1209,500.0,1109.0
In1210,1000.0,1351.0
In1211,1000.0,899.0
In1212,2000.0,905.0
In1213,2000.0,1044.0
In1214,500.0,1465.0
In1215,2000.0,1193.0
In1216,500.0,935.0
In1217,500.0,1074.0
In1218,1000.0,1121.0
In1219,1000.0,901.0
In1220,500.0,1165.0
In1221,2000.0,1383.0
In1222,1000.0,1152.0
In1223,500.0,1033.0
In1224,2000.0,1211.0
In1225,2000.0,1263.0
In1226,1000.0,1568.0
In1227,1000.0,1223.0
In1228,1000.0,1284.0
In1229,2000.0,1635.0
In1230,500.0,1386.0
In1231,2000.0,927.0
In1232,2000.0,1267.0
In1233,500.0,1093.0
In1234,1000.0,1543.0
In1235,500.0,1234.0
In1236,1000.0,1248.0
In1237,1000.0,1156.0
In1238,1000.0,1614.0
In1239,2000.0,1596.0
In1240,500.0,1068.0
In1241,2000.0,1145.0
In1242,1000.0,1095.0
In1243,1000.0,878.0
In1244,2000.0,1144.0
In1245,2000.0,1471.0
In1246,2000.0,1466.0
In1247,1000.0,1126.0
In1248,2000.0,897.0
In1249,2000.0,973.0
In1250,2000.0,856.0
In1251,500.0,887.0
In1252,2000.0,1501.0
In1253,500.0,1128.0
In1254,1000.0,1245.0
In1255,1000.0,907.0
In1256,500.0,1011.0
In1257,1000.0,989.0
In1258,500.0,1451.0
In1259,1000.0,1221.0
In1260,2000.0,1359.0
In1261,500.0,1150.0
In1262,500.0,1626.0
In1263,1000.0,1595.0
In1264,1000.0,926.0
In1265,1000.0,1344.0
In1266,500.0,1136.0
In1267,1000.0,1395.0
In1268,1000.0,1557.0
In1269,500.0,1322.0
In1270,500.0,1052.0
In1271,500.0,1490.0
In1272,1000.0,936.0
In1273,2000.0,1186.0
In1274,500.0,1070.0
In1275,1000.0,1107.0
In1276,1000.0,1047.0
In1277,2000.0,1020.0
In1278,1000.0,996.0
In1279,2000.0,1265.0
In1280,1000.0,1212.0
In1281,1000.0,1333.0
In1282,2000.0,1199.0
In1283,2000.0,918.0
In1284,500.0,1403.0
In1285,1000.0,1141.0
In1286,500.0,1150.0
In1287,500.0,871.0
In1288,2000.0,1592.0
In1289,2000.0,1081.0
In1290,1000.0,1336.0
In1291,500.0,849.0
In1292,500.0,900.0
In1293,500.0,1418.0
In1294,1000.0,1571.0
In1295,500.0,930.0
In1296,2000.0,1288.0
In1297,1000.0,1362.0
In1298,2000.0,1639.0
In1299,2000.0,1062.0
In1300,1000.0,1393.0
In1301,1000.0,1153.0
In1302,500.0,1159.0
In1303,500.0,1648.0
In1304,500.0,1328.0
In1305,1000.0,999.0
In1306,500.0,1500.0
In1307,1000.0,1527.0
In1308,500.0,988.0
In1309,2000.0,1163.0
In1310,1000.0,1206.0
In1311,2000.0,1480.0
In1312,500.0,1330.0
In1313,2000.0,1415.0
In1314,1000.0,1419.0
In1315,500.0,1611.0
In1316,1000.0,1313.0
In1317,500.0,1482.0
In1318,2000.0,1603.0
In1319,1000.0,1247.0
In1320,500.0,973.0
In1321,1000.0,1068.0
In1322,2000.0,1560.0
In1323,1000.0,1620.0
In1324,2000.0,1513.0
In1325,500.0,1003.0
In1326,2000.0,1320.0
In1327,1000.0,1400.0
In1328,2000.0,1212.0
In1329,1000.0,1463.0
In1330,2000.0,1484.0
In1331,2000.0,1398.0
In1332,2000.0,1480.0
In1333,1000.0,1410.0
In1334,1000.0,1497.0
In1335,500.0,1415.0
In1336,1000.0,1570.0
In1337,1000.0,921.0
In1338,2000.0,1677.0
In1339,500.0,1286.0
In1340,2000.0,1656.0
In1341,500.0,876.0
In1342,2000.0,1409.0
In1343,1000.0,1521.0
In1344,1000.0,1187.0
In1345,500.0,1266.0
In1346,500.0,1611.0
In1347,1000.0,1151.0
In1348,1000.0,848.0
In1349,2000.0,1357.0
In1350,2000.0,1633.0
In1351,500.0,1340.0
In1352,1000.0,1180.0
In1353,1000.0,1070.0
In1354,500.0,1106.0
In1355,1000.0,1189.0
In1356,1000.0,1551.0
In1357,500.0,1631.0
In1358,1000.0,1324.0
In1359,500.0,1411.0
In1360,1000.0,1255.0
In1361,1000.0,1158.0
In1362,1000.0,990.0
In1363,2000.0,894.0
In1364,2000.0,1608.0
In1365,2000.0,1203.0
In1366,1000.0,851.0
In1367,500.0,1220.0
In1368,500.0,1454.0
In1369,500.0,1353.0
In1370,500.0,1575.0
In1371,500.0,1374.0
In1372,1000.0,1169.0
In1373,1000.0,910.0
In1374,1000.0,1483.0
In1375,2000.0,1459.0
In1376,2000.0,1491.0
In1377,1000.0,1444.0
In1378,1000.0,1076.0
In1379,500.0,1414.0
In1380,1000.0,1167.0
In1381,1000.0,1032.0
In1382,1000.0,1661.0
In1383,500.0,1215.0
In1384,1000.0,1365.0
In1385,500.0,882.0
In1386,500.0,1252.0
In1387,1000.0,1548.0
In1388,2000.0,1455.0
In1389,500.0,1020.0
In1390,500.0,1599.0
In1391,1000.0,1480.0
In1392,1000.0,1020.0
In1393,500.0,891.0
In1394,500.0,1195.0
In1395,2000.0,1088.0
In1396,1000.0,1498.0
In1397,500.0,1343.0
In1398,500.0,1522.0
In1399,1000.0,1005.0
In1400,500.0,1674.0
In1401,500.0,944.0
In1402,1000.0,1168.0
In1403,500.0,1618.0
In1404,500.0,843.0
In1405,500.0,1544.0
In1406,500.0,1598.0
In1407,2000.0,1659.0
In1408,500.0,1009.0
In1409,500.0,1463.0
In1410,1000.0,1193.0
In1411,500.0,865.0
In1412,2000.0,1582.0
In1413,1000.0,883.0
In1414,2000.0,900.0
In1415,500.0,1202.0
In1416,2000.0,1255.0
In1417,500.0,1492.0
In1418,2000.0,1539.0
In1419,500.0,916.0
In1420,1000.0,1322.0
In1421,500.0,1550.0
In1422,2000.0,1433.0
In1423,500.0,1636.0
In1424,2000.0,989.0
In1425,1000.0,1067.0
In1426,500.0,1512.0
In1427,500.0,941.0
In1428,500.0,1358.0
In1429,2000.0,1118.0
In1430,1000.0,949.0
In1431,500.0,1326.0
In1432,2000.0,934.0
In1433,2000.0,1425.0
In1434,1000.0,1340.0
In1435,2000.0,1557.0
In1436,500.0,963.0
In1437,1000.0,1326.0
In1438,500.0,983.0
In1439,1000.0,900.0
In1440,2000.0,1193.0
In1441,2000.0,891.0
In1442,1000.0,1347.0
In1443,2000.0,1033.0
In1444,1000.0,1272.0
In1445,500.0,1358.0
In1446,500.0,1615.0
In1447,1000.0,1470.0
In1448,500.0,1376.0
In1449,1000.0,1215.0
In1450,1000.0,1428.0
In1451,2000.0,1030.0
In1452,1000.0,964.0
In1453,500.0,1342.0
In1454,1000.0,903.0
In1455,1000.0,1020.0
In1456,500.0,1404.0
In1457,2000.0,1238.0
In1458,2000.0,1432.0
In1459,1000.0,1286.0
In1460,2000.0,1468.0
In1461,500.0,1587.0
In1462,1000.0,1421.0
In1463,2000.0,1620.0
In1464,2000.0,1055.0
In1465,2000.0,997.0
In1466,500.0,996.0
In1467,1000.0,1475.0
In1468,500.0,1156.0
In1469,1000.0,1320.0
In1470,1000.0,856.0
In1471,1000.0,1017.0
In1472,1000.0,948.0
In1473,2000.0,1659.0
In1474,2000.0,1121.0
In1475,500.0,1561.0
In1476,2000.0,1347.0
In1477,1000.0,1402.0
In1478,500.0,1215.0
In1479,2000.0,1285.0
In1480,2000.0,1175.0
In1481,1000.0,1419.0
In1482,1000.0,1184.0
In1483,500.0,1111.0
In1484,1000.0,1203.0
In1485,1000.0,950.0
In1486,2000.0,1448.0
In1487,1000.0,1346.0
In1488,2000.0,1086.0
In1489,2000.0,1679.0
In1490,1000.0,1588.0
In1491,1000.0,916.0
In1492,1000.0,1606.0
In1493,500.0,1154.0
In1494,500.0,1070.0
In1495,2000.0,1605.0
In1496,2000.0,900.0
In1497,500.0,869.0
In1498,1000.0,1451.0
In1499,500.0,1551.0
In1500,1000.0,1208.0
In1501,500.0,1352.0
In1502,2000.0,1497.0
In1503,1000.0,1601.0
In1504,500.0,1529.0
In1505,1000.0,1134.0
In1506,2000.0,981.0
In1507,2000.0,1212.0
In1508,500.0,1461.0
In1509,1000.0,1027.0
In1510,1000.0,1032.0
In1511,1000.0,1471.0
In1512,2000.0,1104.0
In1513,500.0,1558.0
In1514,1000.0,1463.0
In1515,500.0,1004.0
In1516,1000.0,1512.0
In1517,1000.0,1525.0
In1518,500.0,854.0
In1519,500.0,877.0
In1520,500.0,1403.0
In1521,1000.0,842.0
In1522,500.0,1146.0
In1523,500.0,1318.0
In1524,2000.0,1485.0
In1525,1000.0,1445.0
In1526,1000.0,1394.0
In1527,2000.0,850.0
In1528,1000.0,1519.0
In1529,2000.0,852.0
In1530,1000.0,1145.0
In1531,1000.0,1200.0
In1532,1000.0,868.0
In1533,2000.0,1512.0
In1534,1000.0,970.0
In1535,500.0,1547.0
In1536,1000.0,1455.0
In1537,500.0,1414.0
In1538,500.0,1070.0
In1539,500.0,1047.0
In1540,1000.0,1407.0
In1541,2000.0,851.0
In1542,500.0,1157.0
In1543,1000.0,914.0
In1544,2000.0,1087.0
In1545,500.0,1064.0
In1546,500.0,1591.0
In1547,500.0,958.0
In1548,1000.0,1398.0
In1549,2000.0,1630.0
In1550,500.0,1102.0
In1551,2000.0,1347.0
In1552,1000.0,1663.0
In1553,1000.0,1135.0
In1554,2000.0,1273.0
In1555,500.0,1265.0
In1556,500.0,1619.0
In1557,500.0,1650.0
In1558,1000.0,1406.0
In1559,1000.0,1218.0
In1560,2000.0,1570.0
In1561,500.0,995.0
In1562,1000.0,1603.0
In1563,2000.0,1050.0
In1564,1000.0,1473.0
In1565,2000.0,1527.0
In1566,500.0,1073.0
In1567,500.0,950.0
In1568,2000.0,1284.0
In1569,1000.0,1542.0
In1570,1000.0,1207.0
In1571,1000.0,1622.0
In1572,2000.0,1173.0
In1573,2000.0,1308.0
In1574,1000.0,1177.0
In1575,1000.0,933.0
In1576,1000.0,1450.0
In1577,2000.0,1633.0
In1578,1000.0,1362.0
In1579,1000.0,1226.0
In1580,2000.0,1087.0
In1581,500.0,1583.0
In1582,500.0,1646.0
In1583,2000.0,1230.0
In1584,1000.0,1564.0
In1585,1000.0,979.0
In1586,1000.0,1550.0
In1587,1000.0,1394.0
In1588,500.0,1365.0
In1589,500.0,1439.0
In1590,500.0,1310.0
In1591,2000.0,1441.0
In1592,2000.0,1019.0
In1593,500.0,1284.0
In1594,2000.0,945.0
In1595,1000.0,1152.0
In1596,1000.0,849.0
In1597,500.0,1264.0
In1598,500.0,939.0
In1599,2000.0,1669.0
In1600,1000.0,1207.0
In1601,500.0,882.0
In1602,1000.0,851.0
In1603,2000.0,1206.0
In1604,2000.0,1349.0
In1605,2000.0,1609.0
In1606,1000.0,1133.0
In1607,1000.0,1448.0
In1608,500.0,1112.0
In1609,2000.0,978.0
In1610,2000.0,1154.0
In1611,2000.0,996.0
In1612,500.0,1140.0
In1613,500.0,1023.0
In1614,2000.0,1020.0
In1615,2000.0,937.0
In1616,2000.0,1552.0
In1617,1000.0,1026.0
In1618,1000.0,1489.0
In1619,500.0,898.0
In1620,500.0,1086.0
In1621,1000.0,938.0
In1622,2000.0,1368.0
In1623,1000.0,1410.0
In1624,1000.0,1434.0
In1625,500.0,1164.0
In1626,2000.0,1286.0
In1627,1000.0,918.0
In1628,500.0,1060.0
In1629,500.0,889.0
In1630,1000.0,1376.0
In1631,500.0,1508.0
In1632,500.0,1310.0
In1633,2000.0,1420.0
In1634,2000.0,1282.0
In1635,500.0,1335.0
In1636,500.0,998.0
In1637,1000.0,1655.0
In1638,500.0,1586.0
In1639,500.0,988.0
In1640,2000.0,932.0
In1641,500.0,1549.0
In1642,500.0,1185.0
In1643,500.0,1449.0
In1644,500.0,1356.0
In1645,500.0,1064.0
In1646,500.0,926.0
In1647,2000.0,1471.0
In1648,2000.0,1458.0
In1649,2000.0,1055.0
In1650,1000.0,1029.0
In1651,500.0,1499.0
In1652,500.0,1155.0
In1653,1000.0,1102.0
In1654,1000.0,1024.0
In1655,2000.0,912.0
In1656,1000.0,1127.0
In1657,500.0,1516.0
In1658,2000.0,1015.0
In1659,500.0,897.0
In1660,1000.0,1169.0
In1661,500.0,1260.0
In1662,1000.0,1345.0
In1663,1000.0,1338.0
In1664,500.0,1062.0
In1665,1000.0,1495.0
In1666,1000.0,1159.0
In1667,2000.0,937.0
In1668,1000.0,871.0
In1669,500.0,1063.0
In1670,500.0,1167.0
In1671,500.0,1671.0
In1672,2000.0,1473.0
In1673,500.0,1179.0
In1674,1000.0,936.0
In1675,500.0,1598.0
In1676,500.0,1602.0
In1677,1000.0,1189.0
In1678,500.0,1310.0
In1679,2000.0,1345.0
In1680,1000.0,1381.0
In1681,500.0,1237.0
In1682,2000.0,1028.0
In1683,1000.0,996.0
In1684,500.0,1608.0
In1685,1000.0,1179.0
In1686,500.0,1520.0
In1687,2000.0,858.0
In1688,500.0,1405.0
In1689,1000.0,885.0
In1690,500.0,940.0
In1691,2000.0,1556.0
In1692,500.0,1321.0
In1693,1000.0,1125.0
In1694,500.0,885.0
In1695,1000.0,1126.0
In1696,1000.0,1150.0
In1697,2000.0,1497.0
In1698,1000.0,1236.0
In1699,2000.0,1405.0
In1700,2000.0,1422.0
In1701,500.0,1357.0
In1702,500.0,1006.0
In1703,500.0,1214.0
In1704,1000.0,1596.0
In1705,2000.0,1597.0
In1706,2000.0,1287.0
In1707,2000.0,994.0
In1708,1000.0,1223.0
In1709,2000.0,987.0
In1710,500.0,1487.0
In1711,1000.0,996.0
In1712,1000.0,933.0
In1713,1000.0,1542.0
In1714,500.0,1640.0
In1715,500.0,1030.0
In1716,1000.0,1509.0
In1717,1000.0,1245.0
In1718,1000.0,1564.0
In1719,2000.0,1382.0
In1720,500.0,1495.0
In1721,1000.0,1220.0
In1722,2000.0,945.0
In1723,2000.0,1254.0
In1724,500.0,1168.0
In1725,500.0,955.0
In1726,500.0,1103.0
In1727,500.0,845.0
In1728,500.0,1299.0
In1729,500.0,1447.0
In1730,1000.0,864.0
In1731,1000.0,964.0
In1732,1000.0,1174.0
In1733,500.0,1553.0
In1734,1000.0,1115.0
In1735,2000.0,1061.0
In1736,2000.0,1455.0
In1737,2000.0,1311.0
In1738,500.0,1649.0
In1739,1000.0,1548.0
In1740,1000.0,1425.0
In1741,500.0,1542.0
In1742,1000.0,1067.0
In1743,500.0,1639.0
In1744,2000.0,1424.0
In1745,500.0,875.0
In1746,1000.0,1647.0
In1747,1000.0,895.0
In1748,1000.0,1265.0
In1749,1000.0,1219.0
In1750,500.0,1135.0
In1751,2000.0,1082.0
In1752,500.0,1519.0
In1753,500.0,873.0
In1754,500.0,1577.0
In1755,500.0,1671.0
In1756,500.0,1667.0
In1757,2000.0,949.0
In1758,2000.0,1044.0
In1759,2000.0,1482.0
In1760,1000.0,1299.0
In1761,500.0,1489.0
In1762,500.0,1600.0
In1763,500.0,1063.0
In1764,500.0,1431.0
In1765,500.0,1674.0
In1766,500.0,927.0
In1767,500.0,1230.0
In1768,500.0,1023.0
In1769,500.0,1583.0
In1770,2000.0,1544.0
In1771,500.0,954.0
In1772,2000.0,1024.0
In1773,1000.0,954.0
In1774,2000.0,933.0
In1775,1000.0,1491.0
In1776,2000.0,1659.0
In1777,500.0,951.0
In1778,500.0,1529.0
In1779,1000.0,1323.0
In1780,1000.0,1341.0
In1781,1000.0,1213.0
In1782,500.0,1498.0
In1783,500.0,1140.0
In1784,1000.0,1191.0
In1785,1000.0,1229.0
In1786,2000.0,874.0
In1787,1000.0,1029.0
In1788,1000.0,868.0
In1789,2000.0,1010.0
In1790,500.0,1630.0
In1791,500.0,1168.0
In1792,1000.0,1570.0
In1793,2000.0,1307.0
In1794,2000.0,1668.0
In1795,500.0,1188.0
In1796,2000.0,1436.0
In1797,500.0,1200.0
In1798,1000.0,1674.0
In1799,1000.0,1338.0
In1800,500.0,1455.0
In1801,500.0,1412.0
In1802,500.0,1412.0
In1803,1000.0,995.0
In1804,500.0,914.0
In1805,1000.0,900.0
In1806,500.0,1148.0
In1807,500.0,1390.0
In1808,2000.0,1227.0
In1809,500.0,1248.0
In1810,500.0,1667.0
In1811,1000.0,1610.0
In1812,2000.0,1641.0
In1813,500.0,955.0
In1814,1000.0,1335.0
In1815,1000.0,1071.0
In1816,500.0,860.0
In1817,1000.0,1620.0
In1818,500.0,1245.0
In1819,2000.0,1065.0
In1820,2000.0,921.0
In1821,500.0,1355.0
In1822,500.0,1453.0
In1823,1000.0,1341.0
In1824,500.0,1283.0
In1825,1000.0,1283.0
In1826,2000.0,1238.0
In1827,1000.0,1633.0
In1828,2000.0,1369.0
In1829,500.0,1374.0
In1830,1000.0,1310.0
In1831,1000.0,1111.0
In1832,1000.0,1575.0
In1833,1000.0,1063.0
In1834,2000.0,917.0
In1835,500.0,1528.0
In1836,1000.0,1170.0
In1837,500.0,1578.0
In1838,1000.0,1142.0
In1839,2000.0,1502.0
In1840,1000.0,1579.0
In1841,2000.0,1084.0
In1842,1000.0,1312.0
In1843,500.0,1405.0
In1844,1000.0,1207.0
In1845,1000.0,1006.0
In1846,1000.0,864.0
In1847,1000.0,1114.0
In1848,500.0,871.0
In1849,500.0,1458.0
In1850,500.0,905.0
In1851,2000.0,1044.0
In1852,1000.0,1551.0
In1853,1000.0,871.0
In1854,2000.0,1570.0
In1855,1000.0,1270.0
In1856,1000.0,1677.0
In1857,1000.0,1479.0
In1858,1000.0,947.0
In1859,500.0,1316.0
In1860,2000.0,1243.0
In1861,2000.0,1610.0
In1862,2000.0,1615.0
In1863,2000.0,1499.0
In1864,2000.0,1489.0
In1865,500.0,1052.0
In1866,2000.0,841.0
In1867,1000.0,883.0
In1868,1000.0,1153.0
In1869,2000.0,909.0
In1870,1000.0,955.0
In1871,2000.0,1370.0
In1872,2000.0,1238.0
In1873,1000.0,1199.0
In1874,2000.0,1262.0
In1875,2000.0,1050.0
In1876,500.0,1341.0
In1877,2000.0,1485.0
In1878,500.0,1084.0
In1879,1000.0,1031.0
In1880,1000.0,1509.0
In1881,1000.0,1476.0
In1882,1000.0,1383.0
In1883,2000.0,1096.0
In1884,500.0,1527.0
In1885,2000.0,1038.0
In1886,2000.0,1128.0
In1887,500.0,1026.0
In1888,500.0,945.0
In1889,1000.0,1486.0
In1890,1000.0,953.0
In1891,1000.0,981.0
In1892,500.0,1480.0
In1893,1000.0,995.0
In1894,2000.0,1539.0
In1895,2000.0,1097.0
In1896,1000.0,1227.0
In1897,500.0,1590.0
In1898,2000.0,1144.0
In1899,1000.0,1318.0
In1900,500.0,1015.0
In1901,500.0,965.0
In1902,2000.0,1533.0
In1903,500.0,941.0
In1904,1000.0,937.0
In1905,500.0,1505.0
In1906,2000.0,983.0
In1907,500.0,850.0
In1908,2000.0,1518.0
In1909,500.0,1575.0
In1910,2000.0,1657.0
In1911,1000.0,1667.0
In1912,1000.0,881.0
In1913,2000.0,1400.0
In1914,1000.0,1248.0
In1915,1000.0,1645.0
In1916,500.0,1424.0
In1917,2000.0,877.0
In1918,1000.0,1228.0
In1919,500.0,1382.0
In1920,500.0,1193.0
In1921,500.0,1354.0
In1922,1000.0,1604.0
In1923,500.0,1396.0
In1924,500.0,1354.0
In1925,2000.0,982.0
In1926,1000.0,1115.0
In1927,2000.0,975.0
In1928,2000.0,1577.0
In1929,500.0,1365.0
In1930,1000.0,1472.0
In1931,1000.0,1424.0
In1932,1000.0,932.0
In1933,2000.0,1146.0
In1934,1000.0,1016.0
In1935,500.0,1121.0
In1936,1000.0,953.0
In1937,500.0,1324.0
In1938,2000.0,1030.0
In1939,1000.0,928.0
In1940,500.0,925.0
In1941,500.0,852.0
In1942,500.0,1540.0
In1943,2000.0,1382.0
In1944,2000.0,1387.0
In1945,1000.0,1613.0
In1946,500.0,924.0
In1947,1000.0,1424.0
In1948,2000.0,1275.0
In1949,500.0,1639.0
In1950,500.0,1086.0
In1951,500.0,1474.0
In1952,1000.0,1240.0
In1953,500.0,1373.0
In1954,500.0,909.0
In1955,2000.0,1172.0
In1956,1000.0,1446.0
In1957,2000.0,1551.0
In1958,2000.0,1144.0
In1959,500.0,1025.0
In1960,1000.0,885.0
In1961,2000.0,937.0
In1962,1000.0,1320.0
In1963,1000.0,1468.0
In1964,2000.0,885.0
In1965,2000.0,1130.0
In1966,1000.0,1347.0
In1967,500.0,1298.0
In1968,2000.0,1592.0
In1969,1000.0,1543.0
In1970,2000.0,998.0
In1971,1000.0,1029.0
In1972,2000.0,1325.0
In1973,500.0,1643.0
In1974,500.0,933.0
In1975,500.0,1640.0
In1976,500.0,854.0
In1977,500.0,950.0
In1978,500.0,1556.0
In1979,1000.0,1315.0
In1980,500.0,1032.0
In1981,500.0,1540.0
In1982,500.0,1269.0
In1983,1000.0,1444.0
In1984,2000.0,1532.0
In1985,1000.0,1256.0
In1986,500.0,1669.0
In1987,500.0,1270.0
In1988,1000.0,1393.0
In1989,500.0,1481.0
In1990,2000.0,1418.0
In1991,500.0,882.0
In1992,500.0,960.0
In1993,500.0,1488.0
In1994,500.0,1399.0
In1995,2000.0,1275.0
In1996,2000.0,1317.0
In1997,1000.0,1195.0
In1998,500.0,945.0
In1999,500.0,1518.0
In2000,1000.0,1287.0
In2001,2000.0,1286.0
In2002,1000.0,1136.0
In2003,1000.0,841.0
In2004,2000.0,1673.0
In2005,1000.0,1653.0
In2006,1000.0,1105.0
In2007,500.0,1083.0
In2008,500.0,1395.0
In2009,500.0,1320.0
In2010,1000.0,1622.0
In2011,500.0,1184.0
In2012,500.0,1488.0
In2013,1000.0,858.0
In2014,2000.0,1396.0
In2015,2000.0,1239.0
In2016,2000.0,1464.0
In2017,2000.0,1313.0
In2018,1000.0,1301.0
In2019,1000.0,1209.0
In2020,500.0,1106.0
In2021,1000.0,994.0
In2022,1000.0,1059.0
In2023,500.0,1213.0
In2024,1000.0,1311.0
In2025,500.0,1127.0
In2026,1000.0,1597.0
In2027,500.0,1051.0
In2028,500.0,1158.0
In2029,500.0,1291.0
In2030,2000.0,1281.0
In2031,1000.0,881.0
In2032,500.0,1643.0
In2033,500.0,1677.0
In2034,1000.0,879.0
In2035,500.0,1606.0
In2036,2000.0,1429.0
In2037,1000.0,1098.0
In2038,2000.0,939.0
In2039,1000.0,1051.0
In2040,2000.0,1145.0
In2041,1000.0,942.0
In2042,1000.0,1629.0
In2043,2000.0,1440.0
In2044,1000.0,1065.0
In2045,1000.0,993.0
In2046,500.0,1207.0
In2047,2000.0,1460.0
In2048,1000.0,1276.0
In2049,1000.0,1497.0
In2050,1000.0,1208.0
In2051,500.0,1377.0
In2052,500.0,1313.0
In2053,500.0,1118.0
In2054,1000.0,934.0
In2055,2000.0,1604.0
In2056,500.0,1323.0
In2057,500.0,1453.0
In2058,1000.0,1423.0
In2059,2000.0,1642.0
In2060,1000.0,1569.0
In2061,1000.0,1310.0
In2062,500.0,1176.0
In2063,2000.0,1169.0
In2064,500.0,1391.0
In2065,500.0,1661.0
In2066,2000.0,916.0
In2067,1000.0,1605.0
In2068,1000.0,1477.0
In2069,2000.0,1372.0
In2070,2000.0,1512.0
In2071,500.0,1422.0
In2072,2000.0,1652.0
In2073,1000.0,868.0
In2074,2000.0,849.0
In2075,2000.0,1349.0
In2076,2000.0,1330.0
In2077,500.0,1544.0
In2078,500.0,1520.0
In2079,2000.0,1453.0
In2080,1000.0,1429.0
In2081,1000.0,988.0
In2082,2000.0,1451.0
In2083,1000.0,1497.0
In2084,1000.0,1203.0
In2085,2000.0,1012.0
In2086,1000.0,1358.0
In2087,1000.0,1280.0
In2088,2000.0,1374.0
In2089,500.0,871.0
In2090,500.0,937.0
In2091,500.0,1368.0
In2092,2000.0,1233.0
In2093,1000.0,1593.0
In2094,2000.0,1247.0
In2095,1000.0,1478.0
In2096,500.0,1205.0
In2097,2000.0,1359.0
In2098,1000.0,887.0
In2099,2000.0,1132.0
In2100,1000.0,1529.0
In2101,1000.0,1465.0
In2102,500.0,1150.0
In2103,500.0,1208.0
In2104,500.0,1222.0
In2105,500.0,867.0
In2106,1000.0,1502.0
In2107,500.0,1105.0
In2108,2000.0,1496.0
In2109,500.0,1632.0
In2110,500.0,1618.0
In2111,2000.0,1159.0
In2112,500.0,900.0
In2113,2000.0,918.0
In2114,2000.0,1307.0
In2115,500.0,1149.0
In2116,1000.0,1366.0
In2117,1000.0,1245.0
In2118,2000.0,1332.0
In2119,1000.0,894.0
In2120,500.0,1061.0
In2121,500.0,1051.0
In2122,1000.0,1589.0
In2123,2000.0,904.0
In2124,2000.0,1620.0
In2125,500.0,1371.0
In2126,2000.0,1668.0
In2127,500.0,1377.0
In2128,500.0,1669.0
In2129,2000.0,1074.0
In2130,1000.0,1269.0
In2131,500.0,890.0
In2132,1000.0,1386.0
In2133,500.0,1411.0
In2134,500.0,1493.0
In2135,1000.0,1530.0
In2136,500.0,855.0
In2137,1000.0,1219.0
In2138,500.0,1553.0
In2139,500.0,1395.0
In2140,2000.0,1174.0
In2141,500.0,928.0
In2142,500.0,1405.0
In2143,500.0,1484.0
In2144,500.0,1259.0
In2145,500.0,1022.0
In2146,1000.0,1197.0
In2147,2000.0,1240.0
In2148,500.0,1052.0
In2149,1000.0,1632.0
In2150,500.0,1450.0
In2151,2000.0,1488.0
In2152,500.0,1338.0
In2153,1000.0,1255.0
In2154,1000.0,1103.0
In2155,2000.0,1351.0
In2156,500.0,1320.0
In2157,2000.0,1022.0
In2158,500.0,1089.0
In2159,2000.0,1410.0
In2160,500.0,1215.0
In2161,1000.0,980.0
In2162,500.0,1199.0
In2163,1000.0,1517.0
In2164,1000.0,1506.0
In2165,500.0,1515.0
In2166,500.0,1591.0
In2167,1000.0,1309.0
In2168,2000.0,1066.0
In2169,1000.0,939.0
In2170,1000.0,1319.0
In2171,500.0,1540.0
In2172,500.0,1619.0
In2173,2000.0,1458.0
In2174,500.0,1422.0
In2175,1000.0,1416.0
In2176,2000.0,1576.0
In2177,500.0,1496.0
In2178,1000.0,1060.0
In2179,1000.0,1304.0
In2180,500.0,946.0
In2181,2000.0,1319.0
In2182,2000.0,1238.0
In2183,2000.0,1647.0
In2184,500.0,1187.0
In2185,1000.0,882.0
In2186,500.0,1444.0
In2187,500.0,1325.0
In2188,500.0,991.0
In2189,1000.0,1261.0
In2190,1000.0,1313.0
In2191,500.0,1458.0
In2192,2000.0,1047.0
In2193,500.0,1622.0
In2194,2000.0,1298.0
In2195,500.0,1157.0
In2196,500.0,999.0
In2197,2000.0,1080.0
In2198,1000.0,1564.0
In2199,1000.0,1450.0
In2200,1000.0,1300.0
In2201,1000.0,894.0
In2202,500.0,1132.0
In2203,500.0,1163.0
In2204,2000.0,855.0
In2205,1000.0,1589.0
In2206,1000.0,1665.0
In2207,1000.0,1256.0
In2208,500.0,851.0
In2209,1000.0,1074.0
In2210,2000.0,962.0
In2211,1000.0,1615.0
In2212,1000.0,1433.0
In2213,1000.0,1550.0
In2214,2000.0,1173.0
In2215,1000.0,1478.0
In2216,2000.0,1204.0
In2217,2000.0,1305.0
In2218,500.0,1139.0
In2219,2000.0,999.0
In2220,2000.0,1100.0
In2221,1000.0,1583.0
In2222,500.0,1413.0
In2223,2000.0,1122.0
In2224,1000.0,973.0
In2225,2000.0,1196.0
In2226,1000.0,1538.0
In2227,1000.0,922.0
In2228,2000.0,1033.0
In2229,1000.0,981.0
In2230,500.0,1567.0
In2231,1000.0,882.0
In2232,1000.0,857.0
In2233,2000.0,976.0
In2234,2000.0,1512.0
In2235,500.0,1093.0
In2236,1000.0,1216.0
In2237,500.0,954.0
In2238,500.0,1053.0
In2239,1000.0,1429.0
In2240,2000.0,1571.0
In2241,1000.0,1296.0
In2242,500.0,1127.0
In2243,2000.0,1644.0
In2244,1000.0,942.0
In2245,2000.0,1124.0
In2246,2000.0,1396.0
In2247,1000.0,882.0
In2248,500.0,1249.0
In2249,500.0,947.0
In2250,1000.0,1009.0
In2251,2000.0,864.0
In2252,500.0,847.0
In2253,1000.0,1013.0
In2254,1000.0,1194.0
In2255,2000.0,1579.0
In2256,500.0,1242.0
In2257,2000.0,1102.0
In2258,1000.0,1380.0
In2259,2000.0,1238.0
In2260,2000.0,1669.0
In2261,500.0,870.0
In2262,2000.0,1511.0
In2263,2000.0,1657.0
In2264,2000.0,1558.0
In2265,2000.0,1102.0
In2266,500.0,1227.0
In2267,2000.0,1249.0
In2268,2000.0,1333.0
In2269,500.0,998.0
In2270,500.0,1055.0
In2271,2000.0,1474.0
In2272,1000.0,1002.0
In2273,500.0,1356.0
In2274,1000.0,1201.0
In2275,500.0,1641.0
In2276,1000.0,1319.0
In2277,1000.0,1479.0
In2278,1000.0,952.0
In2279,2000.0,1346.0
In2280,2000.0,1352.0
In2281,1000.0,1187.0
In2282,2000.0,1088.0
In2283,500.0,1179.0
In2284,1000.0,1627.0
In2285,2000.0,1142.0
In2286,500.0,1082.0
In2287,500.0,1160.0
In2288,1000.0,1472.0
In2289,2000.0,1510.0
In2290,2000.0,1228.0
In2291,1000.0,1498.0
In2292,2000.0,1368.0
In2293,500.0,1233.0
In2294,500.0,1565.0
In2295,1000.0,1392.0
In2296,500.0,1191.0
In2297,2000.0,1104.0
In2298,500.0,1029.0
In2299,2000.0,1172.0
In2300,500.0,1329.0
In2301,2000.0,1630.0
In2302,1000.0,1433.0
In2303,2000.0,1440.0
In2304,2000.0,1097.0
In2305,1000.0,889.0
In2306,500.0,1062.0
In2307,2000.0,1490.0
In2308,1000.0,957.0
In2309,500.0,1418.0
In2310,1000.0,1549.0
In2311,2000.0,1632.0
In2312,2000.0,1336.0
In2313,2000.0,1123.0
In2314,500.0,1145.0
In2315,2000.0,1481.0
In2316,1000.0,1429.0
In2317,1000.0,1068.0
In2318,1000.0,857.0
In2319,2000.0,1665.0
In2320,2000.0,1045.0
In2321,1000.0,1201.0
In2322,500.0,1356.0
In2323,2000.0,1677.0
In2324,500.0,1499.0
In2325,1000.0,1539.0
In2326,1000.0,1491.0
In2327,1000.0,1502.0
In2328,500.0,1586.0
In2329,1000.0,946.0
In2330,2000.0,993.0
In2331,500.0,1455.0
In2332,2000.0,1621.0
In2333,500.0,1123.0
In2334,500.0,1042.0
In2335,2000.0,1132.0
In2336,1000.0,1178.0
In2337,500.0,1491.0
In2338,1000.0,1504.0
In2339,1000.0,974.0
In2340,500.0,875.0
In2341,1000.0,1569.0
In2342,1000.0,1107.0
In2343,1000.0,1355.0
In2344,2000.0,856.0
In2345,1000.0,867.0
In2346,500.0,913.0
In2347,500.0,1475.0
In2348,1000.0,1154.0
In2349,500.0,1470.0
In2350,2000.0,1615.0
In2351,500.0,847.0
In2352,1000.0,1316.0
In2353,1000.0,1334.0
In2354,500.0,1152.0
In2355,1000.0,1018.0
In2356,1000.0,1039.0
In2357,2000.0,1181.0
In2358,2000.0,1432.0
In2359,1000.0,1604.0
In2360,1000.0,856.0
In2361,1000.0,1428.0
In2362,1000.0,1146.0
In2363,500.0,1090.0
In2364,500.0,1098.0
In2365,1000.0,1675.0
In2366,500.0,1596.0
In2367,1000.0,1033.0
In2368,500.0,1529.0
In2369,1000.0,1502.0
In2370,500.0,1054.0
In2371,2000.0,932.0
In2372,500.0,1353.0
In2373,500.0,1382.0
In2374,1000.0,848.0
In2375,2000.0,1664.0
In2376,1000.0,1396.0
In2377,2000.0,1503.0
In2378,500.0,1618.0
In2379,1000.0,1070.0
In2380,1000.0,1101.0
In2381,1000.0,1226.0
In2382,500.0,1245.0
In2383,500.0,1213.0
In2384,1000.0,864.0
In2385,2000.0,1050.0
In2386,2000.0,935.0
In2387,1000.0,1084.0
In2388,500.0,1075.0
In2389,1000.0,1456.0
In2390,500.0,1393.0
In2391,1000.0,1330.0
In2392,1000.0,1010.0
In2393,1000.0,1451.0
In2394,500.0,1167.0
In2395,1000.0,1663.0
In2396,1000.0,1111.0
In2397,1000.0,1358.0
In2398,2000.0,1152.0
In2399,500.0,1056.0
In2400,2000.0,956.0
In2401,500.0,1532.0
In2402,500.0,843.0
In2403,500.0,1423.0
In2404,2000.0,1174.0
In2405,2000.0,1672.0
In2406,1000.0,1494.0
In2407,1000.0,984.0
In2408,500.0,1469.0
In2409,2000.0,1423.0
In2410,2000.0,1074.0
In2411,2000.0,1088.0
In2412,500.0,1241.0
In2413,500.0,1547.0
In2414,1000.0,950.0
In2415,1000.0,1336.0
In2416,500.0,894.0
In2417,2000.0,1035.0
In2418,2000.0,1133.0
In2419,2000.0,1513.0
In2420,500.0,1632.0
In2421,2000.0,1229.0
In2422,500.0,1623.0
In2423,500.0,1011.0
In2424,1000.0,903.0
In2425,2000.0,1325.0
In2426,1000.0,1381.0
In2427,1000.0,1439.0
In2428,2000.0,1087.0
In2429,1000.0,1001.0
In2430,1000.0,1035.0
In2431,2000.0,1185.0
In2432,2000.0,1618.0
In2433,500.0,1606.0
In2434,2000.0,1002.0
In2435,2000.0,1233.0
In2436,2000.0,1554.0
In2437,1000.0,1040.0
In2438,2000.0,1422.0
In2439,500.0,1306.0
In2440,500.0,1486.0
In2441,2000.0,905.0
In2442,500.0,1340.0
In2443,1000.0,854.0
In2444,2000.0,1143.0
In2445,1000.0,1327.0
In2446,500.0,1499.0
In2447,1000.0,1170.0
In2448,2000.0,1049.0
In2449,500.0,1137.0
In2450,2000.0,850.0
In2451,2000.0,1477.0
In2452,500.0,1046.0
In2453,500.0,1215.0
In2454,500.0,888.0
In2455,1000.0,1191.0
In2456,500.0,1121.0
In2457,500.0,1643.0
In2458,2000.0,1231.0
In2459,2000.0,1192.0
In2460,1000.0,1271.0
In2461,2000.0,1585.0
In2462,500.0,1572.0
In2463,500.0,1037.0
In2464,1000.0,1523.0
In2465,2000.0,1663.0
In2466,2000.0,1225.0
In2467,1000.0,1071.0
In2468,1000.0,854.0
In2469,1000.0,1202.0
In2470,2000.0,1585.0
In2471,2000.0,1134.0
In2472,1000.0,1024.0
In2473,1000.0,887.0
In2474,500.0,1519.0
In2475,2000.0,1648.0
In2476,1000.0,882.0
In2477,1000.0,1675.0
In2478,1000.0,948.0
In2479,2000.0,1173.0
In2480,2000.0,1632.0
In2481,500.0,1526.0
In2482,2000.0,1572.0
In2483,1000.0,1206.0
In2484,500.0,1230.0
In2485,500.0,1122.0
In2486,1000.0,1423.0
In2487,2000.0,1320.0
In2488,500.0,908.0
In2489,1000.0,1318.0
In2490,1000.0,1168.0
In2491,500.0,1091.0
In2492,2000.0,887.0
In2493,500.0,1668.0
In2494,500.0,1238.0
In2495,500.0,1425.0
In2496,1000.0,1469.0
In2497,500.0,864.0
In2498,500.0,985.0
In2499,2000.0,1011.0
In2500,500.0,923.0
In2501,1000.0,1643.0
In2502,500.0,1340.0
In2503,1000.0,1245.0
In2504,1000.0,1614.0
In2505,2000.0,1479.0
In2506,500.0,1339.0
In2507,500.0,1152.0
In2508,2000.0,1127.0
In2509,2000.0,1482.0
In2510,2000.0,1223.0
In2511,500.0,1520.0
In2512,2000.0,1066.0
In2513,1000.0,976.0
In2514,1000.0,1437.0
In2515,1000.0,1405.0
In2516,1000.0,1264.0
In2517,1000.0,1413.0
In2518,1000.0,1024.0
In2519,1000.0,1336.0
In2520,500.0,1265.0
In2521,2000.0,1423.0
In2522,2000.0,1667.0
In2523,2000.0,1599.0
In2524,2000.0,1399.0
In2525,1000.0,1218.0
In2526,2000.0,1169.0
In2527,1000.0,1138.0
In2528,500.0,1385.0
In2529,500.0,897.0
In2530,1000.0,1554.0
In2531,2000.0,1632.0
In2532,2000.0,1606.0
In2533,500.0,1039.0
In2534,2000.0,1069.0
In2535,1000.0,1021.0
In2536,2000.0,1285.0
In2537,2000.0,1481.0
In2538,2000.0,865.0
In2539,500.0,1074.0
In2540,1000.0,994.0
In2541,2000.0,1442.0
In2542,2000.0,1593.0
In2543,1000.0,842.0
In2544,1000.0,1660.0
In2545,2000.0,886.0
In2546,500.0,1541.0
In2547,1000.0,1114.0
In2548,500.0,1489.0
In2549,1000.0,1041.0
In2550,2000.0,1053.0
In2551,500.0,1118.0
In2552,2000.0,1066.0
In2553,1000.0,1099.0
In2554,2000.0,1211.0
In2555,1000.0,1428.0
In2556,1000.0,965.0
In2557,2000.0,916.0
In2558,1000.0,1441.0
In2559,500.0,1097.0
In2560,500.0,878.0
In2561,500.0,1187.0
In2562,2000.0,874.0
In2563,2000.0,1344.0
In2564,1000.0,1211.0
In2565,500.0,1347.0
In2566,2000.0,1353.0
In2567,500.0,1421.0
In2568,500.0,876.0
In2569,2000.0,1387.0
In2570,500.0,1616.0
In2571,500.0,843.0
In2572,2000.0,1462.0
In2573,500.0,1269.0
In2574,2000.0,1362.0
