VehicleID,vehicleAge
V001,11
V002,8
V003,8
V004,1
V005,6
V006,12
V007,3
V008,0
V009,3
V010,19
V011,13
V012,9
V013,15
V014,5
V015,12
V016,16
V017,3
V018,0
V019,0
V020,1
V021,4
V022,19
V023,15
V024,4
V025,10
V026,9
V027,10
V028,12
V029,6
V030,4
V031,10
V032,9
V033,7
V034,0
V035,16
V036,20
V037,11
V038,14
V039,8
V040,4
V041,5
V042,14
V043,5
V044,10
V045,1
V046,13
V047,1
V048,12
V049,20
V050,15
V051,17
V052,7
V053,15
V054,16
V055,6
V056,20
V057,1
V058,1
V059,8
V060,15
V061,1
V062,18
V063,4
V064,12
V065,9
V066,20
V067,6
V068,17
V069,18
V070,11
V071,12
V072,20
V073,16
V074,13
V075,10
V076,5
V077,17
V078,10
V079,11
V080,2
V081,10
V082,10
V083,13
V084,13
V085,2
V086,8
V087,8
V088,0
V089,13
V090,4
V091,20
V092,11
V093,8
V094,6
V095,10
V096,14
V097,9
V098,2
V099,16
V100,8
V101,8
V102,11
V103,2
V104,7
V105,1
V106,13
V107,15
V108,18
V109,15
V110,9
V111,5
V112,0
V113,14
V114,8
V115,14
V116,18
V117,13
V118,4
V119,0
V120,5
V121,15
V122,7
V123,16
V124,20
V125,4
V126,2
V127,14
V128,17
V129,9
V130,15
V131,16
V132,3
V133,2
V134,13
V135,9
V136,19
V137,0
V138,5
V139,16
V140,20
V141,7
V142,14
V143,2
V144,3
V145,4
V146,13
V147,19
V148,1
V149,8
V150,4
V151,1
V152,6
V153,9
V154,18
V155,2
V156,19
V157,9
V158,2
V159,2
V160,16
V161,1
V162,18
V163,13
V164,18
V165,4
V166,3
V167,3
V168,16
V169,0
V170,4
V171,9
V172,8
V173,14
V174,1
V175,13
V176,4
V177,17
V178,12
V179,17
V180,5
V181,9
V182,18
V183,6
V184,4
V185,2
V186,8
V187,6
V188,5
V189,12
V190,8
V191,7
V192,14
V193,3
V194,0
V195,12
V196,9
V197,14
V198,9
V199,1
V200,18
V201,4
V202,9
V203,0
V204,6
V205,20
V206,4
V207,16
V208,10
V209,12
V210,13
V211,0
V212,16
V213,6
V214,11
V215,6
V216,9
V217,7
V218,11
V219,17
V220,16
V221,6
V222,3
V223,20
V224,20
V225,7
V226,16
V227,5
V228,10
V229,0
V230,15
V231,10
V232,10
V233,9
V234,16
V235,0
V236,6
V237,16
V238,19
V239,5
V240,16
V241,0
V242,14
V243,14
V244,3
V245,1
V246,3
V247,7
V248,5
V249,6
V250,14
V251,6
V252,4
V253,17
V254,11
V255,13
V256,20
V257,11
V258,5
V259,1
V260,20
V261,1
V262,2
V263,2
V264,14
V265,5
V266,16
V267,9
V268,6
V269,14
V270,8
V271,12
V272,3
V273,5
V274,13
V275,18
V276,7
V277,3
V278,11
V279,4
V280,18
V281,3
V282,2
V283,12
V284,18
V285,6
V286,7
V287,16
V288,18
V289,2
V290,2
V291,19
V292,5
V293,1
V294,17
V295,5
V296,6
V297,5
V298,12
V299,12
V300,9
V301,7
V302,14
V303,2
V304,18
V305,14
V306,6
V307,19
V308,17
V309,16
V310,7
V311,1
V312,14
V313,3
V314,1
V315,6
V316,17
V317,6
V318,17
V319,9
V320,9
V321,10
V322,5
V323,3
V324,0
V325,15
V326,5
V327,12
V328,1
V329,13
V330,6
V331,10
V332,11
V333,10
V334,20
V335,11
V336,13
V337,7
V338,16
V339,15
V340,19
V341,1
V342,15
V343,7
V344,4
V345,3
V346,13
V347,13
V348,10
V349,6
V350,13
V351,4
V352,8
V353,4
V354,15
V355,20
V356,18
V357,20
V358,5
V359,11
V360,10
V361,18
V362,4
V363,16
V364,4
V365,10
V366,2
V367,0
V368,19
V369,4
V370,13
V371,20
V372,0
V373,6
V374,13
V375,3
V376,9
V377,2
V378,6
V379,9
V380,2
V381,1
V382,3
V383,11
V384,20
V385,1
V386,8
V387,1
V388,12
V389,16
V390,6
V391,10
V392,2
V393,12
V394,6
V395,4
V396,0
V397,3
V398,12
V399,0
V400,13
V401,3
V402,7
V403,11
V404,11
V405,3
V406,16
V407,16
V408,7
V409,14
V410,20
V411,9
V412,10
V413,7
V414,20
V415,18
V416,16
V417,10
V418,6
V419,10
V420,8
V421,19
V422,20
V423,3
V424,11
V425,15
V426,19
V427,2
V428,4
V429,7
V430,1
V431,14
V432,10
V433,10
V434,16
V435,20
V436,19
V437,18
V438,10
V439,11
V440,5
V441,9
V442,7
V443,14
V444,13
V445,1
V446,16
V447,10
V448,6
V449,2
V450,8
V451,3
V452,12
V453,18
V454,12
V455,4
V456,8
V457,12
V458,4
V459,18
V460,20
V461,18
V462,14
V463,2
V464,2
V465,9
V466,17
V467,8
V468,8
V469,0
V470,19
V471,1
V472,12
V473,15
V474,14
V475,4
V476,0
V477,17
V478,19
V479,14
V480,16
V481,16
V482,9
V483,11
V484,2
V485,6
V486,20
V487,12
V488,3
V489,2
V490,10
V491,10
V492,8
V493,8
V494,0
V495,1
V496,2
V497,16
V498,13
V499,18
V500,2
V501,12
V502,0
V503,10
V504,16
V505,0
V506,17
V507,4
V508,10
V509,12
V510,13
V511,0
V512,12
V513,18
V514,2
V515,14
V516,14
V517,11
V518,16
V519,6
V520,1
V521,11
V522,12
V523,10
V524,11
V525,11
V526,18
V527,2
V528,2
V529,5
V530,5
V531,20
V532,15
V533,3
V534,6
V535,9
V536,10
V537,11
V538,20
V539,8
V540,0
V541,4
V542,2
V543,1
V544,19
V545,19
V546,12
V547,13
V548,20
V549,7
V550,19
V551,16
V552,14
V553,6
V554,2
V555,2
V556,1
V557,4
V558,11
V559,9
V560,4
V561,5
V562,6
V563,7
V564,18
V565,13
V566,13
V567,5
V568,5
V569,8
V570,7
V571,17
V572,5
V573,1
V574,2
V575,11
V576,7
V577,3
V578,19
V579,12
V580,8
V581,9
V582,16
V583,5
V584,6
V585,8
V586,15
V587,2
V588,16
V589,13
V590,4
V591,16
V592,19
V593,20
V594,15
V595,19
V596,14
V597,12
V598,7
V599,8
V600,12
V601,8
V602,18
V603,7
V604,15
V605,7
V606,18
V607,5
V608,12
V609,19
V610,20
V611,9
V612,10
V613,17
V614,12
V615,5
V616,15
V617,8
V618,5
V619,9
V620,9
V621,15
V622,19
V623,3
V624,18
V625,19
V626,16
V627,5
V628,5
V629,1
V630,16
V631,7
V632,11
V633,9
V634,20
V635,14
V636,18
V637,16
V638,18
V639,18
V640,1
V641,10
V642,17
V643,20
V644,14
V645,6
V646,1
V647,11
V648,12
V649,3
V650,20
V651,2
V652,7
V653,8
V654,20
V655,15
V656,14
V657,5
V658,5
V659,2
V660,5
V661,3
V662,9
V663,6
V664,16
V665,15
V666,8
V667,9
V668,18
V669,5
V670,12
V671,1
V672,13
V673,15
V674,4
V675,20
V676,7
V677,9
V678,12
V679,5
V680,18
V681,14
V682,0
V683,6
V684,20
V685,19
V686,7
V687,17
V688,16
V689,13
V690,19
V691,16
V692,8
V693,10
V694,19
V695,2
V696,9
V697,9
V698,13
V699,13
V700,17
V701,12
V702,19
V703,15
V704,1
V705,0
V706,20
V707,18
V708,13
V709,11
V710,8
V711,3
V712,0
V713,3
V714,8
V715,17
V716,11
V717,17
V718,15
V719,13
V720,12
V721,11
V722,0
V723,10
V724,10
V725,8
V726,18
V727,4
V728,6
V729,20
V730,16
V731,18
V732,9
V733,8
V734,16
V735,9
V736,0
V737,14
V738,9
V739,17
V740,12
V741,8
V742,11
V743,4
V744,3
V745,8
V746,7
V747,5
V748,20
V749,5
V750,12
V751,20
V752,14
V753,18
V754,11
V755,3
V756,20
V757,19
V758,20
V759,10
V760,18
V761,18
V762,8
V763,0
V764,0
V765,3
V766,12
V767,8
V768,14
V769,8
V770,10
V771,4
V772,20
V773,15
V774,20
V775,9
V776,13
V777,12
V778,12
V779,12
V780,10
V781,6
V782,6
V783,4
V784,12
V785,10
V786,7
V787,3
V788,8
V789,17
V790,3
V791,4
V792,20
V793,0
V794,12
V795,20
V796,16
V797,11
V798,0
V799,16
V800,17
V801,16
V802,15
V803,6
V804,1
V805,20
V806,2
V807,10
V808,20
V809,6
V810,0
V811,3
V812,2
V813,10
V814,2
V815,5
V816,7
V817,9
V818,6
V819,6
V820,6
V821,16
V822,4
V823,9
V824,18
V825,14
V826,13
V827,9
V828,18
V829,20
V830,9
V831,6
V832,6
V833,8
V834,4
V835,10
V836,0
V837,9
V838,14
V839,15
V840,4
V841,17
V842,16
V843,15
V844,13
V845,1
V846,0
V847,10
V848,5
V849,11
V850,14
V851,1
V852,8
V853,15
V854,19
V855,7
V856,0
V857,3
V858,10
V859,15
V860,10
V861,16
V862,9
V863,6
V864,19
V865,15
V866,12
V867,1
V868,7
V869,16
V870,15
V871,4
V872,2
V873,14
V874,8
V875,20
V876,13
V877,15
V878,7
V879,0
V880,13
V881,15
V882,17
V883,4
V884,10
V885,17
V886,11
V887,13
V888,13
V889,4
V890,8
V891,3
V892,9
V893,14
V894,4
V895,15
V896,17
V897,7
V898,5
V899,17
V900,17
V901,15
V902,17
V903,18
V904,19
V905,1
V906,13
V907,4
V908,10
V909,5
V910,5
V911,3
V912,14
V913,9
V914,4
V915,17
V916,18
V917,16
V918,6
V919,17
V920,20
V921,15
V922,4
V923,17
V924,8
V925,12
V926,5
V927,10
V928,7
V929,17
V930,7
V931,19
V932,15
V933,19
V934,7
V935,5
V936,10
V937,12
V938,20
V939,2
V940,4
V941,13
V942,17
V943,17
V944,0
V945,10
V946,18
V947,18
V948,0
V949,4
V950,5
V951,14
V952,15
V953,1
V954,3
V955,11
V956,2
V957,12
V958,20
V959,20
V960,7
V961,10
V962,3
V963,2
V964,9
V965,7
V966,20
V967,17
V968,1
V969,12
V970,3
V971,8
V972,20
V973,13
V974,19
V975,8
V976,7
V977,13
V978,0
V979,16
V980,11
V981,16
V982,7
V983,4
V984,13
V985,2
V986,20
V987,0
V988,3
V989,18
V990,0
V991,2
V992,13
V993,5
V994,3
V995,19
V996,9
V997,0
V998,19
V999,17
V1000,8
V1001,14
V1002,17
V1003,3
V1004,15
V1005,14
V1006,11
V1007,12
V1008,2
V1009,12
V1010,7
V1011,18
V1012,6
V1013,11
V1014,8
V1015,18
V1016,5
V1017,1
V1018,15
V1019,8
V1020,12
V1021,0
V1022,20
V1023,18
V1024,12
V1025,0
V1026,7
V1027,20
V1028,13
V1029,3
V1030,9
V1031,20
V1032,10
V1033,0
V1034,12
V1035,5
V1036,2
V1037,8
V1038,11
V1039,0
V1040,11
V1041,10
V1042,16
V1043,8
V1044,11
V1045,15
V1046,18
V1047,7
V1048,12
V1049,14
V1050,0
V1051,16
V1052,7
V1053,13
V1054,9
V1055,14
V1056,15
V1057,4
V1058,13
V1059,17
V1060,4
V1061,15
V1062,13
V1063,20
V1064,5
V1065,3
V1066,6
V1067,5
V1068,15
V1069,15
V1070,13
V1071,4
V1072,18
V1073,20
V1074,10
V1075,13
V1076,10
V1077,5
V1078,5
V1079,6
V1080,4
V1081,18
V1082,17
V1083,9
V1084,7
V1085,19
V1086,4
V1087,11
V1088,1
V1089,4
V1090,12
V1091,13
V1092,11
V1093,18
V1094,20
V1095,15
V1096,9
V1097,17
V1098,2
V1099,14
V1100,10
V1101,3
V1102,20
V1103,6
V1104,12
V1105,18
V1106,10
V1107,2
V1108,16
V1109,7
V1110,20
V1111,18
V1112,17
V1113,7
V1114,15
V1115,20
V1116,10
V1117,9
V1118,0
V1119,14
V1120,17
V1121,5
V1122,6
V1123,10
V1124,1
V1125,1
V1126,8
V1127,5
V1128,8
V1129,9
V1130,20
V1131,20
V1132,2
V1133,18
V1134,1
V1135,10
V1136,3
V1137,7
V1138,15
V1139,8
V1140,16
V1141,14
V1142,19
V1143,10
V1144,16
V1145,6
V1146,7
V1147,8
V1148,8
V1149,2
V1150,10
V1151,2
V1152,18
V1153,1
V1154,9
V1155,5
V1156,3
V1157,16
V1158,14
V1159,3
V1160,12
V1161,16
V1162,16
V1163,2
V1164,14
V1165,14
V1166,18
V1167,10
V1168,9
V1169,20
V1170,16
V1171,11
V1172,6
V1173,17
V1174,9
V1175,2
V1176,9
V1177,18
V1178,9
V1179,0
V1180,12
V1181,20
V1182,16
V1183,12
V1184,19
V1185,16
V1186,10
V1187,12
V1188,15
V1189,17
V1190,1
V1191,16
V1192,9
V1193,13
V1194,15
V1195,10
V1196,3
V1197,8
V1198,1
V1199,14
V1200,20
V1201,16
V1202,8
V1203,12
V1204,6
V1205,10
V1206,6
V1207,15
V1208,5
V1209,20
V1210,13
V1211,1
V1212,0
V1213,20
V1214,4
V1215,6
V1216,4
V1217,19
V1218,13
V1219,10
V1220,11
V1221,6
V1222,12
V1223,8
V1224,4
V1225,13
V1226,7
V1227,16
V1228,8
V1229,10
V1230,16
V1231,9
V1232,20
V1233,16
V1234,17
V1235,20
V1236,8
V1237,11
V1238,14
V1239,13
V1240,20
V1241,5
V1242,6
V1243,19
V1244,16
V1245,4
V1246,11
V1247,15
V1248,7
V1249,8
V1250,11
V1251,9
V1252,15
V1253,0
V1254,8
V1255,6
V1256,12
V1257,16
V1258,1
V1259,3
V1260,13
V1261,15
V1262,12
V1263,20
V1264,10
V1265,2
V1266,14
V1267,12
V1268,12
V1269,11
V1270,19
V1271,2
V1272,1
V1273,3
V1274,5
V1275,12
V1276,12
V1277,4
V1278,10
V1279,9
V1280,9
V1281,16
V1282,9
V1283,15
V1284,3
V1285,10
V1286,17
V1287,3
V1288,9
V1289,12
V1290,3
V1291,15
V1292,1
V1293,20
V1294,9
V1295,6
V1296,2
V1297,8
V1298,13
V1299,2
V1300,6
V1301,17
V1302,13
V1303,4
V1304,3
V1305,18
V1306,5
V1307,3
V1308,20
V1309,6
V1310,2
V1311,9
V1312,8
V1313,19
V1314,2
V1315,2
V1316,2
V1317,18
V1318,9
V1319,3
V1320,12
V1321,10
V1322,4
V1323,12
V1324,7
V1325,4
V1326,10
V1327,6
V1328,4
V1329,18
V1330,3
V1331,5
V1332,8
V1333,5
V1334,4
V1335,16
V1336,6
V1337,2
V1338,10
V1339,2
V1340,7
V1341,18
V1342,7
V1343,12
V1344,10
V1345,2
V1346,13
V1347,17
V1348,2
V1349,15
V1350,14
V1351,18
V1352,2
V1353,6
V1354,14
V1355,0
V1356,15
V1357,17
V1358,9
V1359,8
V1360,5
V1361,0
V1362,4
V1363,20
V1364,18
V1365,5
V1366,20
V1367,7
V1368,6
V1369,3
V1370,18
V1371,20
V1372,6
V1373,14
V1374,6
V1375,2
V1376,8
V1377,11
V1378,2
V1379,16
V1380,10
V1381,4
V1382,12
V1383,16
V1384,6
V1385,14
V1386,8
V1387,20
V1388,16
V1389,7
V1390,0
V1391,13
V1392,4
V1393,2
V1394,19
V1395,20
V1396,5
V1397,6
V1398,3
V1399,9
V1400,18
V1401,14
V1402,17
V1403,4
V1404,15
V1405,19
V1406,5
V1407,14
V1408,8
V1409,6
V1410,20
V1411,7
V1412,2
V1413,8
V1414,9
V1415,15
V1416,20
V1417,16
V1418,19
V1419,9
V1420,14
V1421,6
V1422,1
V1423,7
V1424,14
V1425,5
V1426,18
V1427,16
V1428,4
V1429,6
V1430,17
V1431,5
V1432,6
V1433,7
V1434,16
V1435,0
V1436,1
V1437,11
V1438,8
V1439,12
V1440,5
V1441,19
V1442,15
V1443,1
V1444,16
V1445,20
V1446,19
V1447,15
V1448,2
V1449,11
V1450,5
V1451,20
V1452,14
V1453,12
V1454,14
V1455,9
V1456,7
V1457,19
V1458,6
V1459,0
V1460,8
V1461,16
V1462,13
V1463,20
V1464,2
V1465,19
V1466,7
V1467,9
V1468,8
V1469,2
V1470,5
V1471,15
V1472,0
V1473,2
V1474,0
V1475,17
V1476,12
V1477,3
V1478,16
V1479,20
V1480,19
V1481,19
V1482,0
V1483,12
V1484,5
V1485,11
V1486,6
V1487,3
V1488,9
V1489,10
V1490,20
V1491,0
V1492,6
V1493,17
V1494,13
V1495,17
V1496,13
V1497,15
V1498,10
V1499,4
V1500,16
V1501,11
V1502,2
V1503,16
V1504,20
V1505,7
V1506,6
V1507,1
V1508,13
V1509,20
V1510,2
V1511,9
V1512,2
V1513,0
V1514,13
V1515,18
V1516,6
V1517,18
V1518,2
V1519,4
V1520,18
V1521,10
V1522,12
V1523,0
V1524,2
V1525,1
V1526,18
V1527,2
V1528,17
V1529,7
V1530,16
V1531,7
V1532,5
V1533,2
V1534,5
V1535,9
V1536,16
V1537,9
V1538,20
V1539,10
V1540,0
V1541,8
V1542,14
V1543,4
V1544,14
V1545,10
V1546,0
V1547,16
V1548,11
V1549,1
V1550,9
V1551,5
V1552,18
V1553,5
V1554,19
V1555,11
V1556,6
V1557,16
V1558,14
V1559,8
V1560,12
V1561,16
V1562,17
V1563,16
V1564,3
V1565,17
V1566,1
V1567,4
V1568,12
V1569,2
V1570,12
V1571,6
V1572,8
V1573,6
V1574,1
V1575,10
V1576,20
V1577,12
V1578,6
V1579,20
V1580,8
V1581,14
V1582,13
V1583,20
V1584,19
V1585,3
V1586,1
V1587,16
V1588,18
V1589,10
V1590,14
V1591,1
V1592,4
V1593,3
V1594,12
V1595,4
V1596,1
V1597,6
V1598,13
V1599,11
V1600,6
V1601,17
V1602,5
V1603,5
V1604,11
V1605,9
V1606,9
V1607,3
V1608,10
V1609,5
V1610,8
V1611,15
V1612,19
V1613,16
V1614,8
V1615,12
V1616,15
V1617,8
V1618,7
V1619,2
V1620,15
V1621,17
V1622,6
V1623,16
V1624,12
V1625,16
V1626,8
V1627,15
V1628,8
V1629,1
V1630,11
V1631,9
V1632,5
V1633,18
V1634,7
V1635,0
V1636,7
V1637,8
V1638,18
V1639,16
V1640,4
V1641,17
V1642,5
V1643,7
V1644,1
V1645,1
V1646,13
V1647,19
V1648,10
V1649,17
V1650,16
V1651,13
V1652,20
V1653,16
V1654,5
V1655,16
V1656,14
V1657,8
V1658,1
V1659,4
V1660,16
V1661,5
V1662,20
V1663,14
V1664,9
V1665,11
V1666,12
V1667,20
V1668,3
V1669,5
V1670,14
V1671,5
V1672,18
V1673,7
V1674,3
V1675,1
V1676,12
V1677,17
V1678,5
V1679,19
V1680,15
V1681,1
V1682,11
V1683,11
V1684,4
V1685,6
V1686,9
V1687,1
V1688,3
V1689,3
V1690,7
V1691,15
V1692,17
V1693,3
V1694,15
V1695,13
V1696,18
V1697,20
V1698,2
V1699,1
V1700,16
V1701,3
V1702,4
V1703,18
V1704,19
V1705,6
V1706,17
V1707,17
V1708,12
V1709,11
V1710,11
V1711,6
V1712,12
V1713,5
V1714,3
V1715,8
V1716,14
V1717,12
V1718,20
V1719,13
V1720,3
V1721,3
V1722,2
V1723,4
V1724,12
V1725,17
V1726,18
V1727,8
V1728,11
V1729,16
V1730,6
V1731,12
V1732,3
V1733,9
V1734,3
V1735,9
V1736,8
V1737,8
V1738,5
V1739,2
V1740,5
V1741,5
V1742,15
V1743,14
V1744,12
V1745,2
V1746,11
V1747,1
V1748,0
V1749,7
V1750,5
V1751,12
V1752,19
V1753,14
V1754,16
V1755,20
V1756,13
V1757,11
V1758,12
V1759,18
V1760,8
V1761,16
V1762,13
V1763,6
V1764,0
V1765,4
V1766,14
V1767,11
V1768,5
V1769,8
V1770,13
V1771,2
V1772,8
V1773,8
V1774,10
V1775,10
V1776,7
V1777,15
V1778,1
V1779,0
V1780,8
V1781,18
V1782,5
V1783,3
V1784,19
V1785,3
V1786,7
V1787,15
V1788,5
V1789,4
V1790,8
V1791,16
V1792,19
V1793,0
V1794,3
V1795,20
V1796,12
V1797,11
V1798,16
V1799,0
V1800,0
V1801,20
V1802,17
V1803,15
V1804,3
V1805,9
V1806,19
V1807,19
V1808,0
V1809,15
V1810,0
V1811,20
V1812,8
V1813,20
V1814,7
V1815,6
V1816,6
V1817,15
V1818,4
V1819,18
V1820,12
V1821,20
V1822,20
V1823,3
V1824,20
V1825,0
V1826,0
V1827,19
V1828,20
V1829,3
V1830,9
V1831,10
V1832,17
V1833,12
V1834,16
V1835,9
V1836,13
V1837,15
V1838,15
V1839,0
V1840,2
V1841,7
V1842,1
V1843,7
V1844,8
V1845,19
V1846,11
V1847,14
V1848,18
V1849,9
V1850,0
V1851,5
V1852,16
V1853,18
V1854,7
V1855,6
V1856,19
V1857,7
V1858,13
V1859,5
V1860,2
V1861,10
V1862,19
V1863,12
V1864,4
V1865,14
V1866,16
V1867,6
V1868,11
V1869,13
V1870,3
V1871,20
V1872,9
V1873,20
V1874,4
V1875,9
V1876,3
V1877,0
V1878,4
V1879,8
V1880,8
V1881,18
V1882,13
V1883,8
V1884,20
V1885,12
V1886,6
V1887,14
V1888,10
V1889,18
V1890,18
V1891,7
V1892,11
V1893,5
V1894,12
V1895,20
V1896,17
V1897,7
V1898,2
V1899,20
V1900,8
V1901,6
V1902,6
V1903,10
V1904,20
V1905,20
V1906,6
V1907,7
V1908,10
V1909,0
V1910,3
V1911,19
V1912,0
V1913,2
V1914,8
V1915,15
V1916,5
V1917,6
V1918,6
V1919,18
V1920,4
V1921,11
V1922,20
V1923,15
V1924,6
V1925,15
V1926,20
V1927,7
V1928,14
V1929,1
V1930,18
V1931,2
V1932,7
V1933,10
V1934,5
V1935,13
V1936,11
V1937,14
V1938,7
V1939,11
V1940,16
V1941,16
V1942,14
V1943,10
V1944,13
V1945,1
V1946,9
V1947,17
V1948,12
V1949,19
V1950,5
V1951,2
V1952,12
V1953,1
V1954,16
V1955,5
V1956,10
V1957,16
V1958,16
V1959,10
V1960,20
V1961,10
V1962,5
V1963,6
V1964,15
V1965,9
V1966,8
V1967,0
V1968,6
V1969,17
V1970,16
V1971,15
V1972,0
V1973,0
V1974,6
V1975,9
V1976,19
V1977,8
V1978,5
V1979,11
V1980,19
V1981,15
V1982,17
V1983,3
V1984,2
V1985,11
V1986,14
V1987,20
V1988,7
V1989,7
V1990,10
V1991,14
V1992,11
V1993,14
V1994,7
V1995,18
V1996,3
V1997,6
V1998,16
V1999,6
V2000,13
V2001,5
V2002,4
V2003,6
V2004,18
V2005,9
V2006,4
V2007,6
V2008,0
V2009,15
V2010,4
V2011,12
V2012,0
V2013,17
V2014,4
V2015,0
V2016,6
V2017,19
V2018,5
V2019,10
V2020,8
V2021,6
V2022,19
V2023,16
V2024,15
V2025,10
V2026,17
V2027,9
V2028,9
V2029,10
V2030,4
V2031,19
V2032,5
V2033,4
V2034,5
V2035,16
V2036,16
V2037,8
V2038,0
V2039,20
V2040,2
V2041,17
V2042,16
V2043,19
V2044,16
V2045,6
V2046,4
V2047,7
V2048,4
V2049,14
V2050,17
V2051,13
V2052,4
V2053,0
V2054,11
V2055,9
V2056,4
V2057,7
V2058,10
V2059,12
V2060,9
V2061,20
V2062,0
V2063,13
V2064,19
V2065,4
V2066,4
V2067,15
V2068,9
V2069,20
V2070,12
V2071,19
V2072,0
V2073,3
V2074,14
V2075,8
V2076,17
V2077,8
V2078,14
V2079,11
V2080,2
V2081,14
V2082,14
V2083,2
V2084,11
V2085,6
V2086,9
V2087,8
V2088,2
V2089,3
V2090,1
V2091,4
V2092,17
V2093,0
V2094,8
V2095,16
V2096,2
V2097,4
V2098,15
V2099,13
V2100,11
V2101,3
V2102,16
V2103,3
V2104,2
V2105,16
V2106,7
V2107,6
V2108,5
V2109,6
V2110,7
V2111,14
V2112,5
V2113,6
V2114,16
V2115,19
V2116,12
V2117,2
V2118,10
V2119,12
V2120,6
V2121,17
V2122,16
V2123,11
V2124,3
V2125,14
V2126,18
V2127,5
V2128,20
V2129,16
V2130,6
V2131,12
V2132,6
V2133,2
V2134,17
V2135,13
V2136,12
V2137,3
V2138,7
V2139,18
V2140,3
V2141,1
V2142,4
V2143,5
V2144,16
V2145,13
V2146,0
V2147,0
V2148,11
V2149,13
V2150,2
V2151,12
V2152,5
V2153,6
V2154,8
V2155,2
V2156,20
V2157,20
V2158,9
V2159,5
V2160,20
V2161,16
V2162,15
V2163,9
V2164,8
V2165,16
V2166,10
V2167,13
V2168,11
V2169,14
V2170,2
V2171,7
V2172,3
V2173,5
V2174,4
V2175,10
V2176,0
V2177,20
V2178,10
V2179,1
V2180,14
V2181,5
V2182,2
V2183,17
V2184,4
V2185,2
V2186,1
V2187,15
V2188,13
V2189,0
V2190,4
V2191,14
V2192,3
V2193,11
V2194,4
V2195,9
V2196,18
V2197,6
V2198,14
V2199,9
V2200,2
V2201,7
V2202,17
V2203,20
V2204,17
V2205,3
V2206,7
V2207,17
V2208,11
V2209,16
V2210,16
V2211,1
V2212,7
V2213,9
V2214,20
V2215,18
V2216,8
V2217,2
V2218,8
V2219,10
V2220,18
V2221,6
V2222,6
V2223,12
V2224,10
V2225,4
V2226,3
V2227,10
V2228,16
V2229,16
V2230,20
V2231,7
V2232,8
V2233,0
V2234,17
V2235,13
V2236,16
V2237,9
V2238,19
V2239,0
V2240,2
V2241,7
V2242,1
V2243,1
V2244,11
V2245,4
V2246,12
V2247,19
V2248,17
V2249,5
V2250,1
V2251,20
V2252,20
V2253,7
V2254,9
V2255,3
V2256,14
V2257,8
V2258,16
V2259,11
V2260,0
V2261,6
V2262,16
V2263,14
V2264,12
V2265,13
V2266,12
V2267,13
V2268,12
V2269,10
V2270,15
V2271,7
V2272,9
V2273,8
V2274,4
V2275,6
V2276,1
V2277,6
V2278,8
V2279,2
V2280,4
V2281,5
V2282,4
V2283,7
V2284,3
V2285,15
V2286,7
V2287,2
V2288,12
V2289,3
V2290,1
V2291,3
V2292,8
V2293,14
V2294,13
V2295,0
V2296,16
V2297,6
V2298,13
V2299,0
V2300,8
V2301,0
V2302,16
V2303,4
V2304,13
V2305,5
V2306,2
V2307,19
V2308,12
V2309,18
V2310,6
V2311,17
V2312,19
V2313,8
V2314,18
V2315,6
V2316,6
V2317,20
V2318,20
V2319,4
V2320,17
V2321,7
V2322,20
V2323,17
V2324,18
V2325,11
V2326,6
V2327,4
V2328,10
V2329,13
V2330,15
V2331,3
V2332,10
V2333,9
V2334,4
V2335,11
V2336,5
V2337,10
V2338,4
V2339,18
V2340,6
V2341,12
V2342,2
V2343,12
V2344,5
V2345,20
V2346,8
V2347,12
V2348,4
V2349,18
V2350,16
V2351,5
V2352,19
V2353,0
V2354,15
V2355,9
V2356,17
V2357,9
V2358,1
V2359,4
V2360,20
V2361,6
V2362,3
V2363,16
V2364,0
V2365,1
V2366,6
V2367,1
V2368,20
V2369,14
V2370,10
V2371,16
V2372,13
V2373,3
V2374,4
V2375,18
V2376,6
V2377,9
V2378,8
V2379,1
V2380,14
V2381,10
V2382,13
V2383,5
V2384,8
V2385,4
V2386,8
V2387,13
V2388,20
V2389,13
V2390,10
V2391,8
V2392,2
V2393,9
V2394,3
V2395,12
V2396,15
V2397,20
V2398,6
V2399,8
V2400,3
V2401,18
V2402,17
V2403,16
V2404,1
V2405,11
V2406,4
V2407,2
V2408,16
V2409,4
V2410,10
V2411,10
V2412,4
V2413,10
V2414,1
V2415,0
V2416,18
V2417,8
V2418,19
V2419,10
V2420,8
V2421,6
V2422,1
V2423,6
V2424,12
V2425,15
V2426,10
V2427,15
V2428,3
V2429,12
V2430,18
V2431,4
V2432,4
V2433,15
V2434,16
V2435,5
V2436,6
V2437,12
V2438,8
V2439,12
V2440,10
V2441,16
V2442,17
V2443,18
V2444,12
V2445,12
V2446,9
V2447,0
V2448,6
V2449,1
V2450,9
V2451,17
V2452,12
V2453,13
V2454,4
V2455,5
V2456,3
V2457,17
V2458,5
V2459,11
V2460,3
V2461,2
V2462,7
V2463,6
V2464,6
V2465,12
V2466,6
V2467,16
V2468,1
V2469,6
V2470,13
V2471,12
V2472,2
V2473,9
V2474,6
V2475,12
V2476,2
V2477,13
V2478,9
V2479,5
V2480,15
V2481,4
V2482,3
V2483,0
V2484,18
V2485,10
V2486,10
V2487,2
V2488,2
V2489,6
V2490,10
V2491,14
V2492,10
V2493,17
V2494,7
V2495,0
V2496,8
V2497,1
V2498,6
V2499,20
V2500,17
V2501,4
V2502,7
V2503,8
V2504,15
V2505,0
V2506,0
V2507,2
V2508,12
V2509,8
V2510,17
V2511,5
V2512,10
V2513,14
V2514,11
V2515,6
V2516,3
V2517,10
V2518,3
V2519,19
V2520,10
V2521,3
V2522,14
V2523,2
V2524,16
V2525,9
V2526,2
V2527,0
V2528,20
V2529,5
V2530,20
V2531,10
V2532,10
V2533,2
V2534,20
V2535,15
V2536,10
V2537,2
V2538,3
V2539,8
V2540,7
V2541,11
V2542,1
V2543,0
V2544,10
V2545,0
V2546,1
V2547,7
V2548,1
V2549,8
V2550,5
V2551,4
V2552,8
V2553,2
V2554,7
V2555,8
V2556,17
V2557,19
V2558,6
V2559,6
V2560,11
V2561,2
V2562,7
V2563,1
V2564,7
V2565,2
V2566,11
V2567,13
V2568,20
V2569,4
V2570,4
V2571,20
V2572,18
V2573,12
V2574,17
